-- MySQL dump 10.13  Distrib 8.0.36, for Win64 (x86_64)
--
-- Host: localhost    Database: empolyeemanagement
-- ------------------------------------------------------
-- Server version	8.0.37

/*!40101 SET @OLD_CHARACTER_SET_CLIENT=@@CHARACTER_SET_CLIENT */;
/*!40101 SET @OLD_CHARACTER_SET_RESULTS=@@CHARACTER_SET_RESULTS */;
/*!40101 SET @OLD_COLLATION_CONNECTION=@@COLLATION_CONNECTION */;
/*!50503 SET NAMES utf8 */;
/*!40103 SET @OLD_TIME_ZONE=@@TIME_ZONE */;
/*!40103 SET TIME_ZONE='+00:00' */;
/*!40014 SET @OLD_UNIQUE_CHECKS=@@UNIQUE_CHECKS, UNIQUE_CHECKS=0 */;
/*!40014 SET @OLD_FOREIGN_KEY_CHECKS=@@FOREIGN_KEY_CHECKS, FOREIGN_KEY_CHECKS=0 */;
/*!40101 SET @OLD_SQL_MODE=@@SQL_MODE, SQL_MODE='NO_AUTO_VALUE_ON_ZERO' */;
/*!40111 SET @OLD_SQL_NOTES=@@SQL_NOTES, SQL_NOTES=0 */;

--
-- Table structure for table `attrition`
--

DROP TABLE IF EXISTS `attrition`;
/*!40101 SET @saved_cs_client     = @@character_set_client */;
/*!50503 SET character_set_client = utf8mb4 */;
CREATE TABLE `attrition` (
  `AttritionID` int NOT NULL,
  `EmpID` varchar(255) DEFAULT NULL,
  `Attrition` varchar(50) DEFAULT NULL,
  PRIMARY KEY (`AttritionID`),
  KEY `EmpID` (`EmpID`),
  CONSTRAINT `attrition_ibfk_1` FOREIGN KEY (`EmpID`) REFERENCES `employee` (`EmpID`)
) ENGINE=InnoDB DEFAULT CHARSET=utf8mb4 COLLATE=utf8mb4_0900_ai_ci;
/*!40101 SET character_set_client = @saved_cs_client */;

--
-- Dumping data for table `attrition`
--

LOCK TABLES `attrition` WRITE;
/*!40000 ALTER TABLE `attrition` DISABLE KEYS */;
INSERT INTO `attrition` VALUES (1,'RM297','Yes'),(2,'RM302','No'),(3,'RM458','Yes'),(4,'RM728','No'),(5,'RM829','Yes'),(6,'RM973','No'),(7,'RM1154','Yes'),(8,'RM1312','No'),(9,'RM128','Yes'),(10,'RM150','No'),(11,'RM172','Yes'),(12,'RM178','Yes'),(13,'RM423','Yes'),(14,'RM689','Yes'),(15,'RM854','No'),(16,'RM893','Yes'),(17,'RM910','No'),(18,'RM103','Yes'),(19,'RM488','No'),(20,'RM514','Yes'),(21,'RM663','Yes'),(22,'RM690','Yes'),(23,'RM732','Yes'),(24,'RM777','Yes'),(25,'RM857','No'),(26,'RM877','No'),(27,'RM1179','No'),(28,'RM1198','No'),(29,'RM024','No'),(30,'RM275','No'),(31,'RM358','Yes'),(32,'RM363','No'),(33,'RM371','Yes'),(34,'RM497','No'),(35,'RM664','Yes'),(36,'RM778','Yes'),(37,'RM816','No'),(38,'RM916','Yes'),(39,'RM1153','No'),(40,'RM1272','Yes'),(41,'RM1437','No'),(42,'RM018','No'),(43,'RM110','No'),(44,'RM129','No'),(45,'RM161','No'),(46,'RM207','No'),(47,'RM384','No'),(48,'RM444','Yes'),(49,'RM499','No'),(50,'RM631','No'),(51,'RM667','Yes'),(52,'RM735','No'),(53,'RM861','Yes'),(54,'RM1138','No'),(55,'RM1274','Yes'),(56,'RM1340','Yes'),(57,'RM1424','No'),(58,'RM087','No'),(59,'RM346','No'),(60,'RM517','No'),(61,'RM551','No'),(62,'RM566','No'),(63,'RM586','Yes'),(64,'RM911','No'),(65,'RM1083','No'),(66,'RM1128','No'),(67,'RM1202','Yes'),(68,'RM1214','Yes'),(69,'RM1239','No'),(70,'RM1409','No'),(71,'RM1439','Yes'),(72,'RM021','No'),(73,'RM035','Yes'),(74,'RM097','No'),(75,'RM114','No'),(76,'RM381','No'),(77,'RM415','Yes'),(78,'RM471','No'),(79,'RM475','No'),(80,'RM477','No'),(81,'RM480','Yes'),(82,'RM526','Yes'),(83,'RM587','No'),(84,'RM641','No'),(85,'RM725','No'),(86,'RM842','No'),(87,'RM872','Yes'),(88,'RM1026','No'),(89,'RM1061','Yes'),(90,'RM1062','No'),(91,'RM1098','No'),(92,'RM1169','No'),(93,'RM1218','No'),(94,'RM1223','Yes'),(95,'RM1231','No'),(96,'RM1246','No'),(97,'RM1408','No'),(98,'RM108','Yes'),(99,'RM109','No'),(100,'RM139','No'),(101,'RM256','No'),(102,'RM268','No'),(103,'RM398','No'),(104,'RM406','Yes'),(105,'RM479','No'),(106,'RM518','No'),(107,'RM564','No'),(108,'RM619','No'),(109,'RM635','No'),(110,'RM639','No'),(111,'RM684','Yes'),(112,'RM797','Yes'),(113,'RM886','No'),(114,'RM912','Yes'),(115,'RM935','No'),(116,'RM966','No'),(117,'RM994','No'),(118,'RM1004','No'),(119,'RM1022','Yes'),(120,'RM1175','No'),(121,'RM1412','No'),(122,'RM1414','No'),(123,'RM1434','No'),(124,'RM043','Yes'),(125,'RM055','No'),(126,'RM126','No'),(127,'RM135','No'),(128,'RM279','No'),(129,'RM285','No'),(130,'RM289','Yes'),(131,'RM294','Yes'),(132,'RM356','No'),(133,'RM383','Yes'),(134,'RM419','No'),(135,'RM454','Yes'),(136,'RM461','No'),(137,'RM464','Yes'),(138,'RM476','No'),(139,'RM506','No'),(140,'RM572','No'),(141,'RM574','Yes'),(142,'RM615','Yes'),(143,'RM686','No'),(144,'RM734','No'),(145,'RM749','Yes'),(146,'RM763','Yes'),(147,'RM770','No'),(148,'RM782','No'),(149,'RM798','Yes'),(150,'RM844','No'),(151,'RM913','No'),(152,'RM999','No'),(153,'RM1005','No'),(154,'RM1119','No'),(155,'RM1207','No'),(156,'RM1225','No'),(157,'RM1298','Yes'),(158,'RM1310','No'),(159,'RM1350','No'),(160,'RM1362','No'),(161,'RM1387','No'),(162,'RM1465','No'),(163,'RM005','No'),(164,'RM042','No'),(165,'RM044','No'),(166,'RM162','No'),(167,'RM165','No'),(168,'RM171','No'),(169,'RM192','No'),(170,'RM201','No'),(171,'RM213','No'),(172,'RM319','No'),(173,'RM321','No'),(174,'RM332','No'),(175,'RM340','No'),(176,'RM374','No'),(177,'RM486','No'),(178,'RM496','Yes'),(179,'RM513','No'),(180,'RM522','No'),(181,'RM531','No'),(182,'RM538','No'),(183,'RM555','No'),(184,'RM577','No'),(185,'RM611','No'),(186,'RM616','No'),(187,'RM671','No'),(188,'RM718','No'),(189,'RM740','No'),(190,'RM787','No'),(191,'RM834','No'),(192,'RM890','No'),(193,'RM903','No'),(194,'RM971','No'),(195,'RM975','No'),(196,'RM997','No'),(197,'RM998','Yes'),(198,'RM1018','No'),(199,'RM1150','No'),(200,'RM1170','No'),(201,'RM1171','No'),(202,'RM1249','No'),(203,'RM1318','No'),(204,'RM1329','No'),(205,'RM1335','No'),(206,'RM1351','No'),(207,'RM1368','No'),(208,'RM1380','Yes'),(209,'RM1394','No'),(210,'RM1468','No'),(211,'RM015','Yes'),(212,'RM052','Yes'),(213,'RM098','No'),(214,'RM163','No'),(215,'RM265','Yes'),(216,'RM273','No'),(217,'RM290','No'),(218,'RM303','No'),(219,'RM324','Yes'),(220,'RM375','No'),(221,'RM405','No'),(222,'RM541','Yes'),(223,'RM599','Yes'),(224,'RM613','No'),(225,'RM630','No'),(226,'RM660','No'),(227,'RM669','No'),(228,'RM765','No'),(229,'RM781','Yes'),(230,'RM789','No'),(231,'RM794','No'),(232,'RM801','Yes'),(233,'RM810','No'),(234,'RM820','No'),(235,'RM828','No'),(236,'RM843','Yes'),(237,'RM869','No'),(238,'RM922','No'),(239,'RM930','No'),(240,'RM934','No'),(241,'RM945','No'),(242,'RM985','No'),(243,'RM1042','No'),(244,'RM1057','Yes'),(245,'RM1069','Yes'),(246,'RM1070','No'),(247,'RM1071','No'),(248,'RM1074','No'),(249,'RM1137','Yes'),(250,'RM1152','No'),(251,'RM1284','No'),(252,'RM1308','No'),(253,'RM1324','No'),(254,'RM1338','No'),(255,'RM1365','No'),(256,'RM1370','Yes'),(257,'RM1382','No'),(258,'RM1391','Yes'),(259,'RM012','No'),(260,'RM016','No'),(261,'RM072','No'),(262,'RM156','No'),(263,'RM206','Yes'),(264,'RM218','Yes'),(265,'RM228','No'),(266,'RM230','Yes'),(267,'RM253','No'),(268,'RM255','No'),(269,'RM266','No'),(270,'RM283','No'),(271,'RM337','Yes'),(272,'RM338','No'),(273,'RM344','No'),(274,'RM350','No'),(275,'RM372','No'),(276,'RM421','No'),(277,'RM422','Yes'),(278,'RM455','No'),(279,'RM508','No'),(280,'RM520','No'),(281,'RM547','No'),(282,'RM556','No'),(283,'RM573','No'),(284,'RM590','Yes'),(285,'RM595','No'),(286,'RM646','Yes'),(287,'RM658','No'),(288,'RM698','No'),(289,'RM712','Yes'),(290,'RM809','No'),(291,'RM824','No'),(292,'RM826','No'),(293,'RM837','Yes'),(294,'RM853','No'),(295,'RM860','No'),(296,'RM894','No'),(297,'RM904','No'),(298,'RM906','No'),(299,'RM933','Yes'),(300,'RM1006','No'),(301,'RM1008','Yes'),(302,'RM1058','Yes'),(303,'RM1064','No'),(304,'RM1073','No'),(305,'RM1078','Yes'),(306,'RM1091','No'),(307,'RM1105','No'),(308,'RM1123','No'),(309,'RM1126','No'),(310,'RM1173','No'),(311,'RM1189','No'),(312,'RM1220','No'),(313,'RM1250','Yes'),(314,'RM1251','No'),(315,'RM1259','No'),(316,'RM1314','Yes'),(317,'RM1319','No'),(318,'RM1325','No'),(319,'RM1330','No'),(320,'RM1333','Yes'),(321,'RM1344','No'),(322,'RM1366','Yes'),(323,'RM1388','No'),(324,'RM1443','Yes'),(325,'RM1460','No'),(326,'RM1461','No'),(327,'RM008','No'),(328,'RM033','No'),(329,'RM045','No'),(330,'RM081','No'),(331,'RM089','No'),(332,'RM093','No'),(333,'RM121','No'),(334,'RM140','No'),(335,'RM144','No'),(336,'RM146','No'),(337,'RM147','No'),(338,'RM168','No'),(339,'RM174','No'),(340,'RM212','No'),(341,'RM215','Yes'),(342,'RM217','Yes'),(343,'RM325','No'),(344,'RM339','No'),(345,'RM355','No'),(346,'RM382','No'),(347,'RM386','Yes'),(348,'RM403','No'),(349,'RM411','No'),(350,'RM420','No'),(351,'RM424','No'),(352,'RM427','No'),(353,'RM438','No'),(354,'RM481','Yes'),(355,'RM502','No'),(356,'RM546','No'),(357,'RM582','No'),(358,'RM603','No'),(359,'RM624','No'),(360,'RM703','No'),(361,'RM721','Yes'),(362,'RM731','No'),(363,'RM733','Yes'),(364,'RM783','No'),(365,'RM845','No'),(366,'RM866','No'),(367,'RM875','No'),(368,'RM887','No'),(369,'RM932','No'),(370,'RM942','No'),(371,'RM949','No'),(372,'RM1014','No'),(373,'RM1050','No'),(374,'RM1053','No'),(375,'RM1065','No'),(376,'RM1107','Yes'),(377,'RM1110','No'),(378,'RM1142','No'),(379,'RM1234','No'),(380,'RM1245','No'),(381,'RM1247','Yes'),(382,'RM1252','No'),(383,'RM1260','No'),(384,'RM1297','No'),(385,'RM1339','Yes'),(386,'RM1413','No'),(387,'RM013','No'),(388,'RM059','No'),(389,'RM073','No'),(390,'RM076','No'),(391,'RM125','Yes'),(392,'RM133','Yes'),(393,'RM181','No'),(394,'RM225','No'),(395,'RM246','No'),(396,'RM260','Yes'),(397,'RM267','No'),(398,'RM293','No'),(399,'RM304','No'),(400,'RM310','No'),(401,'RM311','No'),(402,'RM313','No'),(403,'RM322','No'),(404,'RM326','No'),(405,'RM343','No'),(406,'RM370','No'),(407,'RM395','No'),(408,'RM400','No'),(409,'RM435','No'),(410,'RM440','Yes'),(411,'RM451','No'),(412,'RM457','No'),(413,'RM483','Yes'),(414,'RM485','No'),(415,'RM645','No'),(416,'RM676','No'),(417,'RM680','No'),(418,'RM691','No'),(419,'RM710','Yes'),(420,'RM727','No'),(421,'RM819','No'),(422,'RM832','Yes'),(423,'RM896','No'),(424,'RM897','No'),(425,'RM951','No'),(426,'RM953','Yes'),(427,'RM981','Yes'),(428,'RM986','Yes'),(429,'RM1013','Yes'),(430,'RM1015','No'),(431,'RM1017','Yes'),(432,'RM1031','No'),(433,'RM1034','Yes'),(434,'RM1036','No'),(435,'RM1037','Yes'),(436,'RM1086','Yes'),(437,'RM1145','No'),(438,'RM1192','No'),(439,'RM1228','No'),(440,'RM1240','No'),(441,'RM1248','No'),(442,'RM1258','Yes'),(443,'RM1275','No'),(444,'RM1307','No'),(445,'RM1313','Yes'),(446,'RM1342','No'),(447,'RM1359','No'),(448,'RM1361','No'),(449,'RM1383','No'),(450,'RM1390','No'),(451,'RM1396','Yes'),(452,'RM1403','No'),(453,'RM1406','No'),(454,'RM1418','No'),(455,'RM1464','No'),(456,'RM006','No'),(457,'RM017','No'),(458,'RM027','Yes'),(459,'RM061','No'),(460,'RM074','No'),(461,'RM095','No'),(462,'RM102','No'),(463,'RM141','Yes'),(464,'RM145','No'),(465,'RM155','No'),(466,'RM170','No'),(467,'RM211','Yes'),(468,'RM239','No'),(469,'RM240','Yes'),(470,'RM242','No'),(471,'RM261','No'),(472,'RM263','No'),(473,'RM307','No'),(474,'RM320','No'),(475,'RM323','No'),(476,'RM352','No'),(477,'RM470','Yes'),(478,'RM501','No'),(479,'RM528','No'),(480,'RM532','No'),(481,'RM559','No'),(482,'RM601','No'),(483,'RM623','No'),(484,'RM627','No'),(485,'RM638','No'),(486,'RM642','No'),(487,'RM657','Yes'),(488,'RM683','No'),(489,'RM693','No'),(490,'RM757','No'),(491,'RM851','No'),(492,'RM881','No'),(493,'RM882','No'),(494,'RM936','No'),(495,'RM940','Yes'),(496,'RM992','No'),(497,'RM1027','No'),(498,'RM1076','No'),(499,'RM1102','No'),(500,'RM1114','No'),(501,'RM1140','No'),(502,'RM1191','No'),(503,'RM1206','Yes'),(504,'RM1227','No'),(505,'RM1238','Yes'),(506,'RM1242','No'),(507,'RM1261','No'),(508,'RM1320','No'),(509,'RM1327','Yes'),(510,'RM1376','Yes'),(511,'RM1389','No'),(512,'RM1395','No'),(513,'RM1427','No'),(514,'RM1429','No'),(515,'RM1432','No'),(516,'RM1450','No'),(517,'RM004','No'),(518,'RM031','No'),(519,'RM040','No'),(520,'RM056','No'),(521,'RM122','No'),(522,'RM177','No'),(523,'RM186','No'),(524,'RM222','No'),(525,'RM235','Yes'),(526,'RM237','Yes'),(527,'RM247','No'),(528,'RM314','No'),(529,'RM329','No'),(530,'RM364','Yes'),(531,'RM436','Yes'),(532,'RM437','Yes'),(533,'RM456','No'),(534,'RM500','No'),(535,'RM510','No'),(536,'RM515','Yes'),(537,'RM563','Yes'),(538,'RM591','No'),(539,'RM592','Yes'),(540,'RM620','No'),(541,'RM656','No'),(542,'RM674','No'),(543,'RM695','No'),(544,'RM711','No'),(545,'RM713','No'),(546,'RM716','No'),(547,'RM755','No'),(548,'RM791','No'),(549,'RM793','Yes'),(550,'RM799','Yes'),(551,'RM803','No'),(552,'RM830','Yes'),(553,'RM864','No'),(554,'RM873','No'),(555,'RM884','No'),(556,'RM909','No'),(557,'RM991','No'),(558,'RM1048','No'),(559,'RM1067','No'),(560,'RM1075','No'),(561,'RM1092','No'),(562,'RM1096','No'),(563,'RM1106','No'),(564,'RM1190','No'),(565,'RM1199','No'),(566,'RM1211','No'),(567,'RM1254','No'),(568,'RM1256','Yes'),(569,'RM1266','No'),(570,'RM1283','No'),(571,'RM1364','No'),(572,'RM1399','No'),(573,'RM1416','No'),(574,'RM1426','No'),(575,'RM014','No'),(576,'RM023','No'),(577,'RM025','Yes'),(578,'RM047','No'),(579,'RM085','No'),(580,'RM104','No'),(581,'RM112','Yes'),(582,'RM115','No'),(583,'RM117','No'),(584,'RM160','No'),(585,'RM182','No'),(586,'RM189','No'),(587,'RM203','No'),(588,'RM248','No'),(589,'RM379','Yes'),(590,'RM394','No'),(591,'RM416','Yes'),(592,'RM433','No'),(593,'RM441','Yes'),(594,'RM463','No'),(595,'RM482','No'),(596,'RM495','No'),(597,'RM504','No'),(598,'RM525','No'),(599,'RM550','No'),(600,'RM561','No'),(601,'RM568','No'),(602,'RM575','No'),(603,'RM580','No'),(604,'RM584','No'),(605,'RM607','No'),(606,'RM614','No'),(607,'RM672','No'),(608,'RM758','No'),(609,'RM764','No'),(610,'RM795','No'),(611,'RM804','No'),(612,'RM823','No'),(613,'RM835','No'),(614,'RM848','No'),(615,'RM907','No'),(616,'RM918','No'),(617,'RM921','No'),(618,'RM924','No'),(619,'RM959','No'),(620,'RM965','No'),(621,'RM978','No'),(622,'RM980','No'),(623,'RM984','No'),(624,'RM1016','No'),(625,'RM1028','No'),(626,'RM1040','Yes'),(627,'RM1049','No'),(628,'RM1056','No'),(629,'RM1059','Yes'),(630,'RM1085','No'),(631,'RM1088','No'),(632,'RM1116','No'),(633,'RM1118','No'),(634,'RM1132','No'),(635,'RM1147','No'),(636,'RM1180','No'),(637,'RM1209','No'),(638,'RM1213','No'),(639,'RM1253','No'),(640,'RM1268','No'),(641,'RM1271','No'),(642,'RM1291','Yes'),(643,'RM1301','No'),(644,'RM1343','No'),(645,'RM1354','Yes'),(646,'RM1360','No'),(647,'RM1369','No'),(648,'RM1385','No'),(649,'RM1386','No'),(650,'RM1447','No'),(651,'RM1470','No'),(652,'RM011','No'),(653,'RM038','No'),(654,'RM041','No'),(655,'RM050','No'),(656,'RM054','No'),(657,'RM057','No'),(658,'RM058','No'),(659,'RM069','No'),(660,'RM077','No'),(661,'RM082','No'),(662,'RM152','No'),(663,'RM193','Yes'),(664,'RM197','No'),(665,'RM229','No'),(666,'RM277','No'),(667,'RM298','No'),(668,'RM345','No'),(669,'RM373','No'),(670,'RM431','No'),(671,'RM439','No'),(672,'RM448','No'),(673,'RM462','No'),(674,'RM484','No'),(675,'RM509','No'),(676,'RM516','No'),(677,'RM558','No'),(678,'RM581','No'),(679,'RM597','No'),(680,'RM612','No'),(681,'RM621','No'),(682,'RM636','No'),(683,'RM637','Yes'),(684,'RM648','No'),(685,'RM677','No'),(686,'RM699','No'),(687,'RM705','No'),(688,'RM726','Yes'),(689,'RM730','No'),(690,'RM741','No'),(691,'RM792','Yes'),(692,'RM821','No'),(693,'RM836','No'),(694,'RM841','No'),(695,'RM847','No'),(696,'RM849','No'),(697,'RM871','No'),(698,'RM889','No'),(699,'RM925','No'),(700,'RM962','No'),(701,'RM974','No'),(702,'RM982','Yes'),(703,'RM1003','No'),(704,'RM1060','No'),(705,'RM1082','No'),(706,'RM1101','No'),(707,'RM1109','No'),(708,'RM1111','Yes'),(709,'RM1124','No'),(710,'RM1131','No'),(711,'RM1135','No'),(712,'RM1151','No'),(713,'RM1158','No'),(714,'RM1163','Yes'),(715,'RM1168','Yes'),(716,'RM1187','Yes'),(717,'RM1216','No'),(718,'RM1233','No'),(719,'RM1282','Yes'),(720,'RM1289','No'),(721,'RM1303','No'),(722,'RM1346','No'),(723,'RM1381','No'),(724,'RM1393','No'),(725,'RM1423','No'),(726,'RM1425','No'),(727,'RM1451','No'),(728,'RM1457','No'),(729,'RM1459','No'),(730,'RM010','No'),(731,'RM022','Yes'),(732,'RM039','No'),(733,'RM065','No'),(734,'RM067','No'),(735,'RM070','Yes'),(736,'RM075','No'),(737,'RM118','No'),(738,'RM119','No'),(739,'RM136','No'),(740,'RM173','No'),(741,'RM208','No'),(742,'RM221','No'),(743,'RM270','No'),(744,'RM292','No'),(745,'RM299','No'),(746,'RM306','No'),(747,'RM359','No'),(748,'RM360','No'),(749,'RM378','No'),(750,'RM385','No'),(751,'RM443','No'),(752,'RM512','No'),(753,'RM542','No'),(754,'RM570','No'),(755,'RM594','No'),(756,'RM600','No'),(757,'RM622','No'),(758,'RM634','No'),(759,'RM665','No'),(760,'RM681','No'),(761,'RM688','No'),(762,'RM694','Yes'),(763,'RM709','No'),(764,'RM753','Yes'),(765,'RM762','Yes'),(766,'RM774','No'),(767,'RM818','No'),(768,'RM874','No'),(769,'RM883','No'),(770,'RM901','No'),(771,'RM928','No'),(772,'RM943','No'),(773,'RM969','No'),(774,'RM1012','No'),(775,'RM1019','No'),(776,'RM1020','No'),(777,'RM1103','No'),(778,'RM1122','No'),(779,'RM1129','No'),(780,'RM1146','No'),(781,'RM1174','No'),(782,'RM1181','No'),(783,'RM1183','No'),(784,'RM1184','No'),(785,'RM1200','No'),(786,'RM1221','No'),(787,'RM1237','Yes'),(788,'RM1279','No'),(789,'RM1316','No'),(790,'RM1341','No'),(791,'RM1348','No'),(792,'RM1356','No'),(793,'RM1384','No'),(794,'RM1440','No'),(795,'RM1441','No'),(796,'RM1448','No'),(797,'RM1454','No'),(798,'RM1466','No'),(799,'RM003','Yes'),(800,'RM048','No'),(801,'RM060','No'),(802,'RM079','No'),(803,'RM101','Yes'),(804,'RM105','No'),(805,'RM116','No'),(806,'RM196','No'),(807,'RM223','No'),(808,'RM227','No'),(809,'RM249','No'),(810,'RM251','Yes'),(811,'RM274','No'),(812,'RM276','No'),(813,'RM286','No'),(814,'RM295','No'),(815,'RM341','No'),(816,'RM354','No'),(817,'RM365','No'),(818,'RM387','No'),(819,'RM390','No'),(820,'RM399','No'),(821,'RM465','No'),(822,'RM468','No'),(823,'RM473','No'),(824,'RM487','No'),(825,'RM507','No'),(826,'RM523','No'),(827,'RM578','No'),(828,'RM629','No'),(829,'RM649','No'),(830,'RM653','No'),(831,'RM696','Yes'),(832,'RM745','Yes'),(833,'RM768','No'),(834,'RM796','No'),(835,'RM833','No'),(836,'RM856','No'),(837,'RM990','No'),(838,'RM1002','No'),(839,'RM1023','No'),(840,'RM1090','No'),(841,'RM1159','No'),(842,'RM1164','No'),(843,'RM1212','No'),(844,'RM1277','No'),(845,'RM1281','No'),(846,'RM1292','Yes'),(847,'RM1345','No'),(848,'RM1433','No'),(849,'RM009','No'),(850,'RM020','No'),(851,'RM062','No'),(852,'RM084','No'),(853,'RM143','No'),(854,'RM169','No'),(855,'RM180','No'),(856,'RM199','No'),(857,'RM200','No'),(858,'RM205','Yes'),(859,'RM224','No'),(860,'RM262','No'),(861,'RM278','No'),(862,'RM288','No'),(863,'RM308','No'),(864,'RM342','No'),(865,'RM417','No'),(866,'RM472','No'),(867,'RM491','No'),(868,'RM519','No'),(869,'RM530','No'),(870,'RM543','No'),(871,'RM560','No'),(872,'RM579','No'),(873,'RM606','No'),(874,'RM643','No'),(875,'RM682','No'),(876,'RM704','No'),(877,'RM723','No'),(878,'RM748','No'),(879,'RM766','No'),(880,'RM785','No'),(881,'RM808','No'),(882,'RM812','No'),(883,'RM827','No'),(884,'RM964','No'),(885,'RM983','No'),(886,'RM1108','No'),(887,'RM1113','Yes'),(888,'RM1120','No'),(889,'RM1121','No'),(890,'RM1162','No'),(891,'RM1188','No'),(892,'RM1194','No'),(893,'RM1203','No'),(894,'RM1257','No'),(895,'RM1262','No'),(896,'RM1273','No'),(897,'RM1290','No'),(898,'RM1309','No'),(899,'RM1374','No'),(900,'RM1377','No'),(901,'RM1392','No'),(902,'RM1401','No'),(903,'RM1417','No'),(904,'RM1419','No'),(905,'RM1431','No'),(906,'RM1452','No'),(907,'RM034','Yes'),(908,'RM138','No'),(909,'RM241','No'),(910,'RM252','No'),(911,'RM305','No'),(912,'RM315','No'),(913,'RM327','No'),(914,'RM328','Yes'),(915,'RM401','No'),(916,'RM450','No'),(917,'RM527','No'),(918,'RM552','No'),(919,'RM655','No'),(920,'RM670','Yes'),(921,'RM706','No'),(922,'RM739','No'),(923,'RM754','No'),(924,'RM814','Yes'),(925,'RM817','No'),(926,'RM938','No'),(927,'RM941','Yes'),(928,'RM950','No'),(929,'RM987','No'),(930,'RM993','No'),(931,'RM1033','Yes'),(932,'RM1080','No'),(933,'RM1125','No'),(934,'RM1149','No'),(935,'RM1156','No'),(936,'RM1160','No'),(937,'RM1176','No'),(938,'RM1241','No'),(939,'RM1285','No'),(940,'RM1293','No'),(941,'RM1336','No'),(942,'RM1367','No'),(943,'RM1373','No'),(944,'RM1404','No'),(945,'RM1430','No'),(946,'RM1438','No'),(947,'RM1463','No'),(948,'RM1467','No'),(949,'RM091','No'),(950,'RM151','No'),(951,'RM159','No'),(952,'RM187','No'),(953,'RM204','No'),(954,'RM209','No'),(955,'RM244','No'),(956,'RM258','No'),(957,'RM336','No'),(958,'RM362','No'),(959,'RM369','Yes'),(960,'RM388','No'),(961,'RM392','No'),(962,'RM418','No'),(963,'RM449','No'),(964,'RM459','No'),(965,'RM534','No'),(966,'RM554','No'),(967,'RM583','No'),(968,'RM602','No'),(969,'RM685','No'),(970,'RM692','No'),(971,'RM707','Yes'),(972,'RM769','No'),(973,'RM786','No'),(974,'RM815','No'),(975,'RM838','No'),(976,'RM846','No'),(977,'RM867','No'),(978,'RM885','No'),(979,'RM947','Yes'),(980,'RM958','No'),(981,'RM960','No'),(982,'RM968','No'),(983,'RM979','No'),(984,'RM1030','No'),(985,'RM1041','No'),(986,'RM1046','No'),(987,'RM1084','Yes'),(988,'RM1095','No'),(989,'RM1097','No'),(990,'RM1099','No'),(991,'RM1133','No'),(992,'RM1157','No'),(993,'RM1165','No'),(994,'RM1172','Yes'),(995,'RM1230','No'),(996,'RM1243','No'),(997,'RM1287','No'),(998,'RM1300','No'),(999,'RM1305','No'),(1000,'RM1349','No'),(1001,'RM1410','No'),(1002,'RM1411','No'),(1003,'RM1428','No'),(1004,'RM1456','No'),(1005,'RM1458','No'),(1006,'RM001','Yes'),(1007,'RM046','Yes'),(1008,'RM134','No'),(1009,'RM148','No'),(1010,'RM149','No'),(1011,'RM167','No'),(1012,'RM183','Yes'),(1013,'RM216','No'),(1014,'RM243','No'),(1015,'RM301','No'),(1016,'RM347','No'),(1017,'RM367','Yes'),(1018,'RM404','No'),(1019,'RM447','No'),(1020,'RM460','No'),(1021,'RM467','No'),(1022,'RM536','No'),(1023,'RM539','No'),(1024,'RM668','Yes'),(1025,'RM687','No'),(1026,'RM717','No'),(1027,'RM738','No'),(1028,'RM747','No'),(1029,'RM784','No'),(1030,'RM831','No'),(1031,'RM865','Yes'),(1032,'RM952','No'),(1033,'RM961','No'),(1034,'RM989','No'),(1035,'RM1029','No'),(1036,'RM1197','No'),(1037,'RM1219','No'),(1038,'RM1229','No'),(1039,'RM1267','No'),(1040,'RM1295','No'),(1041,'RM1296','No'),(1042,'RM1357','No'),(1043,'RM1421','No'),(1044,'RM1446','No'),(1045,'RM1449','No'),(1046,'RM028','No'),(1047,'RM198','No'),(1048,'RM232','No'),(1049,'RM254','No'),(1050,'RM257','No'),(1051,'RM282','No'),(1052,'RM296','No'),(1053,'RM349','No'),(1054,'RM351','No'),(1055,'RM357','No'),(1056,'RM389','No'),(1057,'RM410','No'),(1058,'RM414','No'),(1059,'RM442','No'),(1060,'RM452','No'),(1061,'RM489','No'),(1062,'RM548','Yes'),(1063,'RM585','No'),(1064,'RM598','No'),(1065,'RM605','No'),(1066,'RM633','No'),(1067,'RM644','No'),(1068,'RM673','No'),(1069,'RM742','No'),(1070,'RM800','No'),(1071,'RM825','No'),(1072,'RM839','Yes'),(1073,'RM840','No'),(1074,'RM879','No'),(1075,'RM888','No'),(1076,'RM926','No'),(1077,'RM955','No'),(1078,'RM1000','No'),(1079,'RM1051','No'),(1080,'RM1089','No'),(1081,'RM1094','No'),(1082,'RM1130','No'),(1083,'RM1264','No'),(1084,'RM1288','No'),(1085,'RM1321','No'),(1086,'RM1326','No'),(1087,'RM1358','No'),(1088,'RM1379','No'),(1089,'RM1405','No'),(1090,'RM1420','No'),(1091,'RM1444','No'),(1092,'RM036','No'),(1093,'RM120','No'),(1094,'RM131','No'),(1095,'RM194','No'),(1096,'RM236','No'),(1097,'RM316','No'),(1098,'RM331','No'),(1099,'RM334','No'),(1100,'RM391','No'),(1101,'RM396','No'),(1102,'RM397','No'),(1103,'RM490','No'),(1104,'RM492','No'),(1105,'RM549','No'),(1106,'RM610','No'),(1107,'RM651','No'),(1108,'RM662','No'),(1109,'RM776','No'),(1110,'RM813','No'),(1111,'RM850','Yes'),(1112,'RM899','No'),(1113,'RM927','No'),(1114,'RM996','No'),(1115,'RM1134','No'),(1116,'RM1186','No'),(1117,'RM1217','No'),(1118,'RM1263','Yes'),(1119,'RM1270','No'),(1120,'RM1294','No'),(1121,'RM1317','No'),(1122,'RM1331','No'),(1123,'RM1400','No'),(1124,'RM029','No'),(1125,'RM032','No'),(1126,'RM053','No'),(1127,'RM100','No'),(1128,'RM287','Yes'),(1129,'RM494','No'),(1130,'RM498','No'),(1131,'RM544','No'),(1132,'RM618','No'),(1133,'RM632','No'),(1134,'RM659','No'),(1135,'RM751','No'),(1136,'RM790','Yes'),(1137,'RM858','Yes'),(1138,'RM863','No'),(1139,'RM876','No'),(1140,'RM892','No'),(1141,'RM908','No'),(1142,'RM923','No'),(1143,'RM929','Yes'),(1144,'RM954','Yes'),(1145,'RM1043','No'),(1146,'RM1047','No'),(1147,'RM1052','No'),(1148,'RM1063','No'),(1149,'RM1079','No'),(1150,'RM1141','No'),(1151,'RM1166','No'),(1152,'RM1201','No'),(1153,'RM1215','No'),(1154,'RM1280','Yes'),(1155,'RM1353','No'),(1156,'RM1436','No'),(1157,'RM068','No'),(1158,'RM078','No'),(1159,'RM142','No'),(1160,'RM154','No'),(1161,'RM175','No'),(1162,'RM195','No'),(1163,'RM219','No'),(1164,'RM245','No'),(1165,'RM250','No'),(1166,'RM269','No'),(1167,'RM312','No'),(1168,'RM335','No'),(1169,'RM408','No'),(1170,'RM453','No'),(1171,'RM505','Yes'),(1172,'RM565','No'),(1173,'RM604','No'),(1174,'RM626','No'),(1175,'RM697','No'),(1176,'RM714','No'),(1177,'RM719','No'),(1178,'RM756','No'),(1179,'RM760','No'),(1180,'RM806','No'),(1181,'RM855','No'),(1182,'RM914','Yes'),(1183,'RM937','No'),(1184,'RM1035','No'),(1185,'RM1038','No'),(1186,'RM1093','No'),(1187,'RM1100','No'),(1188,'RM1143','No'),(1189,'RM1144','No'),(1190,'RM1161','No'),(1191,'RM1222','No'),(1192,'RM1226','No'),(1193,'RM1244','No'),(1194,'RM1315','No'),(1195,'RM1347','No'),(1196,'RM1363','No'),(1197,'RM1455','No'),(1198,'RM030','No'),(1199,'RM049','No'),(1200,'RM080','No'),(1201,'RM090','Yes'),(1202,'RM094','No'),(1203,'RM179','No'),(1204,'RM210','No'),(1205,'RM264','No'),(1206,'RM366','No'),(1207,'RM413','No'),(1208,'RM430','No'),(1209,'RM434','No'),(1210,'RM466','No'),(1211,'RM724','No'),(1212,'RM771','No'),(1213,'RM779','No'),(1214,'RM811','No'),(1215,'RM862','No'),(1216,'RM870','No'),(1217,'RM878','No'),(1218,'RM917','No'),(1219,'RM944','No'),(1220,'RM1032','Yes'),(1221,'RM1081','No'),(1222,'RM1136','No'),(1223,'RM1232','No'),(1224,'RM1236','No'),(1225,'RM1278','No'),(1226,'RM1286','No'),(1227,'RM1299','Yes'),(1228,'RM1323','No'),(1229,'RM1328','No'),(1230,'RM1334','Yes'),(1231,'RM272','Yes'),(1232,'RM330','No'),(1233,'RM348','No'),(1234,'RM429','No'),(1235,'RM533','No'),(1236,'RM545','No'),(1237,'RM567','Yes'),(1238,'RM593','No'),(1239,'RM652','No'),(1240,'RM666','No'),(1241,'RM708','No'),(1242,'RM720','No'),(1243,'RM1021','No'),(1244,'RM1025','No'),(1245,'RM1068','No'),(1246,'RM1155','No'),(1247,'RM1195','No'),(1248,'RM1224','Yes'),(1249,'RM1235','No'),(1250,'RM1304','No'),(1251,'RM1322','No'),(1252,'RM1371','No'),(1253,'RM1415','No'),(1254,'RM1422','No'),(1255,'RM051','Yes'),(1256,'RM353','No'),(1257,'RM445','No'),(1258,'RM493','No'),(1259,'RM521','No'),(1260,'RM679','No'),(1261,'RM736','No'),(1262,'RM737','No'),(1263,'RM805','No'),(1264,'RM902','No'),(1265,'RM905','No'),(1266,'RM970','No'),(1267,'RM1039','No'),(1268,'RM1104','No'),(1269,'RM1115','No'),(1270,'RM1167','No'),(1271,'RM1205','Yes'),(1272,'RM1332','No'),(1273,'RM1352','No'),(1274,'RM002','No'),(1275,'RM130','No'),(1276,'RM202','No'),(1277,'RM291','No'),(1278,'RM317','No'),(1279,'RM376','No'),(1280,'RM474','No'),(1281,'RM608','Yes'),(1282,'RM640','No'),(1283,'RM678','No'),(1284,'RM822','No'),(1285,'RM900','No'),(1286,'RM1007','Yes'),(1287,'RM1045','No'),(1288,'RM1055','No'),(1289,'RM1072','No'),(1290,'RM1148','No'),(1291,'RM1177','No'),(1292,'RM1182','No'),(1293,'RM1193','No'),(1294,'RM1196','No'),(1295,'RM1255','No'),(1296,'RM1378','No'),(1297,'RM1469','No'),(1298,'RM037','Yes'),(1299,'RM063','No'),(1300,'RM107','No'),(1301,'RM132','No'),(1302,'RM166','No'),(1303,'RM184','No'),(1304,'RM234','No'),(1305,'RM280','No'),(1306,'RM368','No'),(1307,'RM426','No'),(1308,'RM478','No'),(1309,'RM524','No'),(1310,'RM529','Yes'),(1311,'RM540','No'),(1312,'RM589','No'),(1313,'RM654','No'),(1314,'RM715','No'),(1315,'RM722','No'),(1316,'RM743','No'),(1317,'RM752','No'),(1318,'RM767','No'),(1319,'RM802','Yes'),(1320,'RM868','No'),(1321,'RM946','No'),(1322,'RM1087','No'),(1323,'RM1127','No'),(1324,'RM1139','No'),(1325,'RM1178','No'),(1326,'RM1453','Yes'),(1327,'RM1462','Yes'),(1328,'RM088','No'),(1329,'RM092','No'),(1330,'RM111','No'),(1331,'RM124','No'),(1332,'RM137','Yes'),(1333,'RM157','No'),(1334,'RM190','No'),(1335,'RM214','No'),(1336,'RM259','No'),(1337,'RM300','No'),(1338,'RM377','No'),(1339,'RM617','No'),(1340,'RM780','Yes'),(1341,'RM919','No'),(1342,'RM931','No'),(1343,'RM963','No'),(1344,'RM972','No'),(1345,'RM988','No'),(1346,'RM1276','No'),(1347,'RM191','No'),(1348,'RM231','No'),(1349,'RM238','No'),(1350,'RM318','Yes'),(1351,'RM407','No'),(1352,'RM409','No'),(1353,'RM469','No'),(1354,'RM562','No'),(1355,'RM571','No'),(1356,'RM588','No'),(1357,'RM628','No'),(1358,'RM700','No'),(1359,'RM750','Yes'),(1360,'RM807','No'),(1361,'RM948','Yes'),(1362,'RM995','No'),(1363,'RM1001','No'),(1364,'RM1435','No'),(1365,'RM019','No'),(1366,'RM026','No'),(1367,'RM153','No'),(1368,'RM185','No'),(1369,'RM281','No'),(1370,'RM503','No'),(1371,'RM535','No'),(1372,'RM557','No'),(1373,'RM625','No'),(1374,'RM647','No'),(1375,'RM650','No'),(1376,'RM702','No'),(1377,'RM761','No'),(1378,'RM859','No'),(1379,'RM1044','No'),(1380,'RM1112','Yes'),(1381,'RM1204','No'),(1382,'RM1269','No'),(1383,'RM1397','Yes'),(1384,'RM096','No'),(1385,'RM113','No'),(1386,'RM220','No'),(1387,'RM333','No'),(1388,'RM393','No'),(1389,'RM432','No'),(1390,'RM511','No'),(1391,'RM576','No'),(1392,'RM729','No'),(1393,'RM772','No'),(1394,'RM891','No'),(1395,'RM895','No'),(1396,'RM1009','No'),(1397,'RM1077','No'),(1398,'RM1185','No'),(1399,'RM1306','No'),(1400,'RM1398','No'),(1401,'RM1407','No'),(1402,'RM066','No'),(1403,'RM083','No'),(1404,'RM188','No'),(1405,'RM271','No'),(1406,'RM284','No'),(1407,'RM380','No'),(1408,'RM446','No'),(1409,'RM569','Yes'),(1410,'RM609','Yes'),(1411,'RM746','No'),(1412,'RM775','No'),(1413,'RM788','No'),(1414,'RM915','No'),(1415,'RM956','No'),(1416,'RM976','Yes'),(1417,'RM1011','No'),(1418,'RM1066','No'),(1419,'RM1117','No'),(1420,'RM1208','No'),(1421,'RM1265','No'),(1422,'RM1337','No'),(1423,'RM1402','No'),(1424,'RM086','No'),(1425,'RM123','Yes'),(1426,'RM176','No'),(1427,'RM402','No'),(1428,'RM553','No'),(1429,'RM773','No'),(1430,'RM852','No'),(1431,'RM957','No'),(1432,'RM977','No'),(1433,'RM1024','No'),(1434,'RM1355','Yes'),(1435,'RM1372','No'),(1436,'RM1442','No'),(1437,'RM1445','Yes'),(1438,'RM164','No'),(1439,'RM361','No'),(1440,'RM425','No'),(1441,'RM1054','No'),(1442,'RM099','No'),(1443,'RM127','Yes'),(1444,'RM158','No'),(1445,'RM309','No'),(1446,'RM596','Yes'),(1447,'RM661','Yes'),(1448,'RM675','No'),(1449,'RM701','Yes'),(1450,'RM939','No'),(1451,'RM967','Yes'),(1452,'RM1010','No'),(1453,'RM1302','No'),(1454,'RM1311','No'),(1455,'RM1375','No'),(1456,'RM007','No'),(1457,'RM064','No'),(1458,'RM071','No'),(1459,'RM106','No'),(1460,'RM226','No'),(1461,'RM233','No'),(1462,'RM744','No'),(1463,'RM759','No'),(1464,'RM898','No'),(1465,'RM920','No'),(1466,'RM412','No'),(1467,'RM428','No'),(1468,'RM537','No'),(1469,'RM880','No'),(1470,'RM1210','No');
/*!40000 ALTER TABLE `attrition` ENABLE KEYS */;
UNLOCK TABLES;

--
-- Table structure for table `businesstravel`
--

DROP TABLE IF EXISTS `businesstravel`;
/*!40101 SET @saved_cs_client     = @@character_set_client */;
/*!50503 SET character_set_client = utf8mb4 */;
CREATE TABLE `businesstravel` (
  `TravelID` int NOT NULL,
  `EmpID` varchar(255) DEFAULT NULL,
  `BusinessTravel` varchar(255) DEFAULT NULL,
  PRIMARY KEY (`TravelID`),
  KEY `EmpID` (`EmpID`),
  CONSTRAINT `businesstravel_ibfk_1` FOREIGN KEY (`EmpID`) REFERENCES `employee` (`EmpID`)
) ENGINE=InnoDB DEFAULT CHARSET=utf8mb4 COLLATE=utf8mb4_0900_ai_ci;
/*!40101 SET character_set_client = @saved_cs_client */;

--
-- Dumping data for table `businesstravel`
--

LOCK TABLES `businesstravel` WRITE;
/*!40000 ALTER TABLE `businesstravel` DISABLE KEYS */;
INSERT INTO `businesstravel` VALUES (1,'RM297','Travel_Rarely'),(2,'RM302','Travel_Rarely'),(3,'RM458','Travel_Frequently'),(4,'RM728','Non-Travel'),(5,'RM829','Non-Travel'),(6,'RM973','Non-Travel'),(7,'RM1154','Travel_Frequently'),(8,'RM1312','Non-Travel'),(9,'RM128','Travel_Rarely'),(10,'RM150','Travel_Rarely'),(11,'RM172','Travel_Frequently'),(12,'RM178','Travel_Rarely'),(13,'RM423','Travel_Rarely'),(14,'RM689','Travel_Rarely'),(15,'RM854','Travel_Rarely'),(16,'RM893','Non-Travel'),(17,'RM910','Travel_Rarely'),(18,'RM103','Travel_Frequently'),(19,'RM488','Travel_Rarely'),(20,'RM514','Travel_Rarely'),(21,'RM663','Travel_Rarely'),(22,'RM690','Travel_Rarely'),(23,'RM732','Travel_Rarely'),(24,'RM777','Travel_Frequently'),(25,'RM857','Travel_Rarely'),(26,'RM877','Travel_Rarely'),(27,'RM1179','Travel_Rarely'),(28,'RM1198','Travel_Rarely'),(29,'RM024','Travel_Rarely'),(30,'RM275','Travel_Rarely'),(31,'RM358','Travel_Frequently'),(32,'RM363','Non-Travel'),(33,'RM371','Travel_Rarely'),(34,'RM497','Travel_Rarely'),(35,'RM664','Travel_Rarely'),(36,'RM778','Travel_Rarely'),(37,'RM816','Travel_Rarely'),(38,'RM916','Travel_Frequently'),(39,'RM1153','Travel_Rarely'),(40,'RM1272','Travel_Rarely'),(41,'RM1437','Travel_Rarely'),(42,'RM018','Non-Travel'),(43,'RM110','Travel_Rarely'),(44,'RM129','Travel_Rarely'),(45,'RM161','Travel_Rarely'),(46,'RM207','Travel_Rarely'),(47,'RM384','Travel_Rarely'),(48,'RM444','Travel_Frequently'),(49,'RM499','Travel_Rarely'),(50,'RM631','Travel_Rarely'),(51,'RM667','Travel_Rarely'),(52,'RM735','Travel_Rarely'),(53,'RM861','Travel_Frequently'),(54,'RM1138','Non-Travel'),(55,'RM1274','Travel_Rarely'),(56,'RM1340','Travel_Rarely'),(57,'RM1424','Travel_Rarely'),(58,'RM087','Travel_Rarely'),(59,'RM346','Travel_Rarely'),(60,'RM517','Travel_Rarely'),(61,'RM551','Travel_Rarely'),(62,'RM566','Travel_Rarely'),(63,'RM586','Travel_Rarely'),(64,'RM911','Travel_Rarely'),(65,'RM1083','Travel_Rarely'),(66,'RM1128','Travel_Rarely'),(67,'RM1202','Travel_Rarely'),(68,'RM1214','Travel_Rarely'),(69,'RM1239','Travel_Rarely'),(70,'RM1409','Travel_Rarely'),(71,'RM1439','Travel_Frequently'),(72,'RM021','Non-Travel'),(73,'RM035','Travel_Rarely'),(74,'RM097','Travel_Rarely'),(75,'RM114','Travel_Rarely'),(76,'RM381','Travel_Rarely'),(77,'RM415','Travel_Rarely'),(78,'RM471','Travel_Frequently'),(79,'RM475','Travel_Rarely'),(80,'RM477','Travel_Rarely'),(81,'RM480','Travel_Frequently'),(82,'RM526','Travel_Rarely'),(83,'RM587','Non-Travel'),(84,'RM641','Non-Travel'),(85,'RM725','Travel_Rarely'),(86,'RM842','Travel_Rarely'),(87,'RM872','Travel_Rarely'),(88,'RM1026','Travel_Rarely'),(89,'RM1061','Travel_Frequently'),(90,'RM1062','Non-Travel'),(91,'RM1098','Travel_Rarely'),(92,'RM1169','Travel_Frequently'),(93,'RM1218','Travel_Rarely'),(94,'RM1223','Travel_Rarely'),(95,'RM1231','Travel_Rarely'),(96,'RM1246','Travel_Frequently'),(97,'RM1408','Travel_Rarely'),(98,'RM108','Travel_Rarely'),(99,'RM109','Travel_Rarely'),(100,'RM139','Travel_Rarely'),(101,'RM256','Travel_Rarely'),(102,'RM268','Non-Travel'),(103,'RM398','Travel_Rarely'),(104,'RM406','Travel_Rarely'),(105,'RM479','Travel_Rarely'),(106,'RM518','Travel_Rarely'),(107,'RM564','Travel_Rarely'),(108,'RM619','Travel_Rarely'),(109,'RM635','Travel_Rarely'),(110,'RM639','Travel_Rarely'),(111,'RM684','Travel_Rarely'),(112,'RM797','Travel_Rarely'),(113,'RM886','Travel_Rarely'),(114,'RM912','Travel_Frequently'),(115,'RM935','Travel_Rarely'),(116,'RM966','Travel_Rarely'),(117,'RM994','Travel_Rarely'),(118,'RM1004','Travel_Rarely'),(119,'RM1022','Travel_Rarely'),(120,'RM1175','Travel_Frequently'),(121,'RM1412','Travel_Rarely'),(122,'RM1414','Travel_Rarely'),(123,'RM1434','Travel_Rarely'),(124,'RM043','Travel_Rarely'),(125,'RM055','Travel_Rarely'),(126,'RM126','Travel_Rarely'),(127,'RM135','Travel_Rarely'),(128,'RM279','Travel_Frequently'),(129,'RM285','Travel_Frequently'),(130,'RM289','Travel_Rarely'),(131,'RM294','Travel_Rarely'),(132,'RM356','Travel_Rarely'),(133,'RM383','Travel_Frequently'),(134,'RM419','Travel_Rarely'),(135,'RM454','Travel_Frequently'),(136,'RM461','Travel_Rarely'),(137,'RM464','Travel_Rarely'),(138,'RM476','Travel_Rarely'),(139,'RM506','Travel_Rarely'),(140,'RM572','Travel_Frequently'),(141,'RM574','Travel_Rarely'),(142,'RM615','Travel_Frequently'),(143,'RM686','Travel_Frequently'),(144,'RM734','Travel_Rarely'),(145,'RM749','Non-Travel'),(146,'RM763','Travel_Frequently'),(147,'RM770','Travel_Frequently'),(148,'RM782','Travel_Rarely'),(149,'RM798','Travel_Rarely'),(150,'RM844','Travel_Rarely'),(151,'RM913','Travel_Rarely'),(152,'RM999','Travel_Rarely'),(153,'RM1005','Travel_Rarely'),(154,'RM1119','Travel_Rarely'),(155,'RM1207','Non-Travel'),(156,'RM1225','Travel_Rarely'),(157,'RM1298','Travel_Rarely'),(158,'RM1310','Travel_Rarely'),(159,'RM1350','Travel_Rarely'),(160,'RM1362','Travel_Frequently'),(161,'RM1387','Travel_Rarely'),(162,'RM1465','Travel_Rarely'),(163,'RM005','Travel_Rarely'),(164,'RM042','Travel_Rarely'),(165,'RM044','Travel_Frequently'),(166,'RM162','Non-Travel'),(167,'RM165','Non-Travel'),(168,'RM171','Travel_Rarely'),(169,'RM192','Travel_Rarely'),(170,'RM201','Travel_Frequently'),(171,'RM213','Travel_Frequently'),(172,'RM319','Travel_Rarely'),(173,'RM321','Travel_Rarely'),(174,'RM332','Non-Travel'),(175,'RM340','Travel_Rarely'),(176,'RM374','Travel_Rarely'),(177,'RM486','Travel_Rarely'),(178,'RM496','Travel_Rarely'),(179,'RM513','Travel_Rarely'),(180,'RM522','Travel_Frequently'),(181,'RM531','Travel_Rarely'),(182,'RM538','Travel_Frequently'),(183,'RM555','Travel_Rarely'),(184,'RM577','Travel_Frequently'),(185,'RM611','Travel_Rarely'),(186,'RM616','Non-Travel'),(187,'RM671','Travel_Rarely'),(188,'RM718','Travel_Rarely'),(189,'RM740','Travel_Rarely'),(190,'RM787','Non-Travel'),(191,'RM834','Travel_Rarely'),(192,'RM890','Travel_Rarely'),(193,'RM903','Travel_Rarely'),(194,'RM971','Travel_Rarely'),(195,'RM975','Travel_Frequently'),(196,'RM997','Travel_Rarely'),(197,'RM998','Travel_Rarely'),(198,'RM1018','Travel_Rarely'),(199,'RM1150','Travel_Rarely'),(200,'RM1170','Travel_Rarely'),(201,'RM1171','Travel_Frequently'),(202,'RM1249','Travel_Rarely'),(203,'RM1318','Travel_Frequently'),(204,'RM1329','Travel_Rarely'),(205,'RM1335','Travel_Frequently'),(206,'RM1351','Travel_Rarely'),(207,'RM1368','TravelRarely'),(208,'RM1380','Travel_Frequently'),(209,'RM1394','Travel_Rarely'),(210,'RM1468','Travel_Rarely'),(211,'RM015','Travel_Rarely'),(212,'RM052','Travel_Rarely'),(213,'RM098','Non-Travel'),(214,'RM163','Travel_Rarely'),(215,'RM265','Travel_Rarely'),(216,'RM273','Travel_Rarely'),(217,'RM290','Travel_Rarely'),(218,'RM303','Travel_Rarely'),(219,'RM324','Travel_Rarely'),(220,'RM375','Travel_Rarely'),(221,'RM405','Travel_Rarely'),(222,'RM541','Travel_Rarely'),(223,'RM599','Travel_Rarely'),(224,'RM613','Travel_Rarely'),(225,'RM630','Travel_Rarely'),(226,'RM660','Travel_Rarely'),(227,'RM669','Travel_Rarely'),(228,'RM765','Travel_Rarely'),(229,'RM781','Non-Travel'),(230,'RM789','Travel_Rarely'),(231,'RM794','Travel_Rarely'),(232,'RM801','Travel_Frequently'),(233,'RM810','Travel_Rarely'),(234,'RM820','Travel_Rarely'),(235,'RM828','Travel_Frequently'),(236,'RM843','Travel_Rarely'),(237,'RM869','Travel_Rarely'),(238,'RM922','Travel_Frequently'),(239,'RM930','Travel_Frequently'),(240,'RM934','Travel_Rarely'),(241,'RM945','Non-Travel'),(242,'RM985','Travel_Rarely'),(243,'RM1042','Travel_Rarely'),(244,'RM1057','Travel_Frequently'),(245,'RM1069','Travel_Frequently'),(246,'RM1070','Travel_Rarely'),(247,'RM1071','Travel_Frequently'),(248,'RM1074','Travel_Rarely'),(249,'RM1137','Travel_Rarely'),(250,'RM1152','Travel_Rarely'),(251,'RM1284','Travel_Rarely'),(252,'RM1308','Travel_Rarely'),(253,'RM1324','Non-Travel'),(254,'RM1338','Travel_Rarely'),(255,'RM1365','Travel_Frequently'),(256,'RM1370','Travel_Rarely'),(257,'RM1382','Non-Travel'),(258,'RM1391','Travel_Rarely'),(259,'RM012','Travel_Rarely'),(260,'RM016','Travel_Rarely'),(261,'RM072','Travel_Rarely'),(262,'RM156','Non-Travel'),(263,'RM206','Travel_Rarely'),(264,'RM218','Travel_Rarely'),(265,'RM228','Travel_Frequently'),(266,'RM230','Travel_Rarely'),(267,'RM253','Travel_Rarely'),(268,'RM255','Travel_Rarely'),(269,'RM266','Travel_Rarely'),(270,'RM283','Travel_Frequently'),(271,'RM337','Travel_Rarely'),(272,'RM338','Travel_Rarely'),(273,'RM344','Travel_Rarely'),(274,'RM350','Non-Travel'),(275,'RM372','Travel_Rarely'),(276,'RM421','Travel_Rarely'),(277,'RM422','Travel_Rarely'),(278,'RM455','Travel_Rarely'),(279,'RM508','Travel_Rarely'),(280,'RM520','Travel_Frequently'),(281,'RM547','Travel_Rarely'),(282,'RM556','Travel_Rarely'),(283,'RM573','Travel_Rarely'),(284,'RM590','Travel_Rarely'),(285,'RM595','Travel_Rarely'),(286,'RM646','Travel_Rarely'),(287,'RM658','Travel_Rarely'),(288,'RM698','Travel_Frequently'),(289,'RM712','Travel_Rarely'),(290,'RM809','Travel_Rarely'),(291,'RM824','Travel_Frequently'),(292,'RM826','Travel_Rarely'),(293,'RM837','Travel_Rarely'),(294,'RM853','Travel_Rarely'),(295,'RM860','Travel_Rarely'),(296,'RM894','Travel_Rarely'),(297,'RM904','Travel_Rarely'),(298,'RM906','Travel_Rarely'),(299,'RM933','Travel_Rarely'),(300,'RM1006','Travel_Rarely'),(301,'RM1008','Travel_Frequently'),(302,'RM1058','Travel_Frequently'),(303,'RM1064','Travel_Rarely'),(304,'RM1073','Travel_Frequently'),(305,'RM1078','Travel_Rarely'),(306,'RM1091','Travel_Rarely'),(307,'RM1105','Travel_Rarely'),(308,'RM1123','Travel_Rarely'),(309,'RM1126','Travel_Frequently'),(310,'RM1173','Travel_Rarely'),(311,'RM1189','Travel_Rarely'),(312,'RM1220','Travel_Rarely'),(313,'RM1250','Travel_Rarely'),(314,'RM1251','Travel_Frequently'),(315,'RM1259','Travel_Rarely'),(316,'RM1314','Travel_Rarely'),(317,'RM1319','Travel_Frequently'),(318,'RM1325','Travel_Rarely'),(319,'RM1330','TravelRarely'),(320,'RM1333','Travel_Frequently'),(321,'RM1344','Travel_Rarely'),(322,'RM1366','Travel_Frequently'),(323,'RM1388','Travel_Rarely'),(324,'RM1443','Travel_Rarely'),(325,'RM1460','Travel_Rarely'),(326,'RM1461','Travel_Rarely'),(327,'RM008','Travel_Rarely'),(328,'RM033','Travel_Rarely'),(329,'RM045','Travel_Frequently'),(330,'RM081','Travel_Rarely'),(331,'RM089','Travel_Rarely'),(332,'RM093','Travel_Rarely'),(333,'RM121','Travel_Frequently'),(334,'RM140','Travel_Rarely'),(335,'RM144','Travel_Rarely'),(336,'RM146','Travel_Rarely'),(337,'RM147','Travel_Rarely'),(338,'RM168','Travel_Rarely'),(339,'RM174','Non-Travel'),(340,'RM212','Non-Travel'),(341,'RM215','Travel_Rarely'),(342,'RM217','Travel_Frequently'),(343,'RM325','Travel_Rarely'),(344,'RM339','Travel_Rarely'),(345,'RM355','Non-Travel'),(346,'RM382','Travel_Rarely'),(347,'RM386','Travel_Frequently'),(348,'RM403','Travel_Rarely'),(349,'RM411','Travel_Rarely'),(350,'RM420','Non-Travel'),(351,'RM424','Non-Travel'),(352,'RM427','Non-Travel'),(353,'RM438','Travel_Rarely'),(354,'RM481','Travel_Frequently'),(355,'RM502','Travel_Frequently'),(356,'RM546','Travel_Rarely'),(357,'RM582','Travel_Rarely'),(358,'RM603','Travel_Rarely'),(359,'RM624','Travel_Frequently'),(360,'RM703','Travel_Rarely'),(361,'RM721','Travel_Rarely'),(362,'RM731','Travel_Rarely'),(363,'RM733','Travel_Frequently'),(364,'RM783','Travel_Rarely'),(365,'RM845','Travel_Rarely'),(366,'RM866','Travel_Rarely'),(367,'RM875','Travel_Rarely'),(368,'RM887','Travel_Rarely'),(369,'RM932','Non-Travel'),(370,'RM942','Travel_Rarely'),(371,'RM949','Travel_Rarely'),(372,'RM1014','Travel_Rarely'),(373,'RM1050','Travel_Rarely'),(374,'RM1053','Non-Travel'),(375,'RM1065','Travel_Rarely'),(376,'RM1107','Travel_Rarely'),(377,'RM1110','Travel_Rarely'),(378,'RM1142','Travel_Rarely'),(379,'RM1234','Travel_Rarely'),(380,'RM1245','Travel_Frequently'),(381,'RM1247','Travel_Frequently'),(382,'RM1252','Travel_Rarely'),(383,'RM1260','Travel_Rarely'),(384,'RM1297','Travel_Rarely'),(385,'RM1339','Travel_Rarely'),(386,'RM1413','Travel_Rarely'),(387,'RM013','Travel_Rarely'),(388,'RM059','Travel_Rarely'),(389,'RM073','Travel_Rarely'),(390,'RM076','Travel_Rarely'),(391,'RM125','Travel_Rarely'),(392,'RM133','Travel_Rarely'),(393,'RM181','Travel_Rarely'),(394,'RM225','Non-Travel'),(395,'RM246','Travel_Frequently'),(396,'RM260','Travel_Frequently'),(397,'RM267','Travel_Rarely'),(398,'RM293','Travel_Frequently'),(399,'RM304','Travel_Rarely'),(400,'RM310','Travel_Rarely'),(401,'RM311','Travel_Rarely'),(402,'RM313','Travel_Rarely'),(403,'RM322','Travel_Rarely'),(404,'RM326','Travel_Frequently'),(405,'RM343','Travel_Rarely'),(406,'RM370','Travel_Rarely'),(407,'RM395','Travel_Rarely'),(408,'RM400','Travel_Rarely'),(409,'RM435','Travel_Rarely'),(410,'RM440','Travel_Frequently'),(411,'RM451','Travel_Rarely'),(412,'RM457','Travel_Rarely'),(413,'RM483','Travel_Rarely'),(414,'RM485','Travel_Rarely'),(415,'RM645','Travel_Rarely'),(416,'RM676','Travel_Rarely'),(417,'RM680','Non-Travel'),(418,'RM691','Travel_Rarely'),(419,'RM710','Non-Travel'),(420,'RM727','Travel_Frequently'),(421,'RM819','Travel_Frequently'),(422,'RM832','Travel_Frequently'),(423,'RM896','Travel_Rarely'),(424,'RM897','Travel_Rarely'),(425,'RM951','Non-Travel'),(426,'RM953','Travel_Frequently'),(427,'RM981','Travel_Frequently'),(428,'RM986','Travel_Rarely'),(429,'RM1013','Travel_Frequently'),(430,'RM1015','Travel_Rarely'),(431,'RM1017','Travel_Rarely'),(432,'RM1031','Travel_Rarely'),(433,'RM1034','Travel_Frequently'),(434,'RM1036','Travel_Rarely'),(435,'RM1037','Travel_Frequently'),(436,'RM1086','Travel_Frequently'),(437,'RM1145','Travel_Frequently'),(438,'RM1192','Travel_Rarely'),(439,'RM1228','Travel_Rarely'),(440,'RM1240','Travel_Frequently'),(441,'RM1248','Travel_Rarely'),(442,'RM1258','Travel_Rarely'),(443,'RM1275','Travel_Rarely'),(444,'RM1307','Travel_Frequently'),(445,'RM1313','Travel_Rarely'),(446,'RM1342','Travel_Rarely'),(447,'RM1359','Travel_Rarely'),(448,'RM1361','Travel_Rarely'),(449,'RM1383','Non-Travel'),(450,'RM1390','Travel_Frequently'),(451,'RM1396','Travel_Frequently'),(452,'RM1403','Travel_Rarely'),(453,'RM1406','Non-Travel'),(454,'RM1418','Travel_Rarely'),(455,'RM1464','Non-Travel'),(456,'RM006','Travel_Frequently'),(457,'RM017','Travel_Rarely'),(458,'RM027','Travel_Frequently'),(459,'RM061','Travel_Rarely'),(460,'RM074','Travel_Rarely'),(461,'RM095','Travel_Rarely'),(462,'RM102','Travel_Rarely'),(463,'RM141','Travel_Rarely'),(464,'RM145','Travel_Frequently'),(465,'RM155','Travel_Frequently'),(466,'RM170','Travel_Rarely'),(467,'RM211','Travel_Rarely'),(468,'RM239','Travel_Rarely'),(469,'RM240','Travel_Rarely'),(470,'RM242','Non-Travel'),(471,'RM261','Travel_Frequently'),(472,'RM263','Travel_Rarely'),(473,'RM307','Travel_Rarely'),(474,'RM320','Travel_Rarely'),(475,'RM323','Travel_Rarely'),(476,'RM352','Travel_Rarely'),(477,'RM470','Non-Travel'),(478,'RM501','Travel_Rarely'),(479,'RM528','Travel_Rarely'),(480,'RM532','Travel_Rarely'),(481,'RM559','Travel_Frequently'),(482,'RM601','Travel_Rarely'),(483,'RM623','Travel_Rarely'),(484,'RM627','Travel_Rarely'),(485,'RM638','Non-Travel'),(486,'RM642','Travel_Frequently'),(487,'RM657','Travel_Rarely'),(488,'RM683','Non-Travel'),(489,'RM693','Travel_Rarely'),(490,'RM757','Non-Travel'),(491,'RM851','Non-Travel'),(492,'RM881','Travel_Frequently'),(493,'RM882','Travel_Frequently'),(494,'RM936','Travel_Rarely'),(495,'RM940','Travel_Rarely'),(496,'RM992','Travel_Rarely'),(497,'RM1027','Travel_Rarely'),(498,'RM1076','Travel_Rarely'),(499,'RM1102','Travel_Rarely'),(500,'RM1114','Non-Travel'),(501,'RM1140','Travel_Rarely'),(502,'RM1191','Travel_Rarely'),(503,'RM1206','Travel_Rarely'),(504,'RM1227','Travel_Frequently'),(505,'RM1238','Travel_Rarely'),(506,'RM1242','Travel_Rarely'),(507,'RM1261','Non-Travel'),(508,'RM1320','Travel_Frequently'),(509,'RM1327','Travel_Rarely'),(510,'RM1376','Travel_Frequently'),(511,'RM1389','Non-Travel'),(512,'RM1395','Travel_Rarely'),(513,'RM1427','Travel_Rarely'),(514,'RM1429','Travel_Rarely'),(515,'RM1432','Travel_Rarely'),(516,'RM1450','Travel_Rarely'),(517,'RM004','Travel_Frequently'),(518,'RM031','Travel_Rarely'),(519,'RM040','Travel_Frequently'),(520,'RM056','Travel_Frequently'),(521,'RM122','Non-Travel'),(522,'RM177','Travel_Rarely'),(523,'RM186','Travel_Rarely'),(524,'RM222','Travel_Rarely'),(525,'RM235','Travel_Rarely'),(526,'RM237','Travel_Rarely'),(527,'RM247','Travel_Rarely'),(528,'RM314','Travel_Frequently'),(529,'RM329','Travel_Frequently'),(530,'RM364','Travel_Rarely'),(531,'RM436','Travel_Rarely'),(532,'RM437','Travel_Rarely'),(533,'RM456','Travel_Rarely'),(534,'RM500','Travel_Rarely'),(535,'RM510','Travel_Frequently'),(536,'RM515','Travel_Frequently'),(537,'RM563','Travel_Rarely'),(538,'RM591','Travel_Rarely'),(539,'RM592','Travel_Rarely'),(540,'RM620','Travel_Rarely'),(541,'RM656','Travel_Rarely'),(542,'RM674','Travel_Rarely'),(543,'RM695','Travel_Rarely'),(544,'RM711','Non-Travel'),(545,'RM713','Travel_Rarely'),(546,'RM716','Travel_Frequently'),(547,'RM755','Non-Travel'),(548,'RM791','Travel_Rarely'),(549,'RM793','Travel_Frequently'),(550,'RM799','Travel_Rarely'),(551,'RM803','Travel_Frequently'),(552,'RM830','Travel_Rarely'),(553,'RM864','Travel_Rarely'),(554,'RM873','Travel_Frequently'),(555,'RM884','Travel_Rarely'),(556,'RM909','Travel_Rarely'),(557,'RM991','Travel_Frequently'),(558,'RM1048','Travel_Frequently'),(559,'RM1067','Travel_Rarely'),(560,'RM1075','Travel_Rarely'),(561,'RM1092','Travel_Rarely'),(562,'RM1096','Travel_Rarely'),(563,'RM1106','Travel_Rarely'),(564,'RM1190','Travel_Rarely'),(565,'RM1199','Non-Travel'),(566,'RM1211','Travel_Rarely'),(567,'RM1254','Non-Travel'),(568,'RM1256','Travel_Rarely'),(569,'RM1266','Non-Travel'),(570,'RM1283','Travel_Rarely'),(571,'RM1364','Travel_Rarely'),(572,'RM1399','Travel_Frequently'),(573,'RM1416','Non-Travel'),(574,'RM1426','Travel_Rarely'),(575,'RM014','TravelRarely'),(576,'RM023','TravelRarely'),(577,'RM025','Travel_Rarely'),(578,'RM047','Non-Travel'),(579,'RM085','Travel_Rarely'),(580,'RM104','Travel_Rarely'),(581,'RM112','Travel_Frequently'),(582,'RM115','Travel_Rarely'),(583,'RM117','Travel_Rarely'),(584,'RM160','Travel_Frequently'),(585,'RM182','Travel_Rarely'),(586,'RM189','Travel_Frequently'),(587,'RM203','Travel_Frequently'),(588,'RM248','Travel_Rarely'),(589,'RM379','Non-Travel'),(590,'RM394','Non-Travel'),(591,'RM416','Travel_Frequently'),(592,'RM433','Travel_Rarely'),(593,'RM441','Travel_Frequently'),(594,'RM463','Travel_Rarely'),(595,'RM482','Travel_Rarely'),(596,'RM495','Travel_Rarely'),(597,'RM504','Travel_Rarely'),(598,'RM525','Travel_Rarely'),(599,'RM550','Travel_Rarely'),(600,'RM561','Travel_Rarely'),(601,'RM568','Travel_Rarely'),(602,'RM575','Travel_Rarely'),(603,'RM580','Travel_Rarely'),(604,'RM584','Travel_Rarely'),(605,'RM607','Travel_Frequently'),(606,'RM614','Travel_Rarely'),(607,'RM672','Travel_Rarely'),(608,'RM758','Travel_Rarely'),(609,'RM764','Travel_Rarely'),(610,'RM795','Travel_Frequently'),(611,'RM804','Non-Travel'),(612,'RM823','Travel_Frequently'),(613,'RM835','Travel_Rarely'),(614,'RM848','Travel_Frequently'),(615,'RM907','Travel_Rarely'),(616,'RM918','Travel_Rarely'),(617,'RM921','Travel_Frequently'),(618,'RM924','Travel_Frequently'),(619,'RM959','Travel_Rarely'),(620,'RM965','Travel_Rarely'),(621,'RM978','Non-Travel'),(622,'RM980','Travel_Rarely'),(623,'RM984','Travel_Rarely'),(624,'RM1016','Travel_Frequently'),(625,'RM1028','Travel_Rarely'),(626,'RM1040','Travel_Rarely'),(627,'RM1049','Travel_Rarely'),(628,'RM1056','Travel_Frequently'),(629,'RM1059','Travel_Rarely'),(630,'RM1085','Travel_Rarely'),(631,'RM1088','Travel_Rarely'),(632,'RM1116','Travel_Rarely'),(633,'RM1118','Travel_Rarely'),(634,'RM1132','Travel_Frequently'),(635,'RM1147','Travel_Frequently'),(636,'RM1180','Travel_Rarely'),(637,'RM1209','Travel_Rarely'),(638,'RM1213','Travel_Rarely'),(639,'RM1253','Travel_Rarely'),(640,'RM1268','Non-Travel'),(641,'RM1271','Travel_Rarely'),(642,'RM1291','Travel_Frequently'),(643,'RM1301','Travel_Rarely'),(644,'RM1343','Travel_Rarely'),(645,'RM1354','Non-Travel'),(646,'RM1360','Travel_Rarely'),(647,'RM1369','Travel_Frequently'),(648,'RM1385','Travel_Rarely'),(649,'RM1386','Travel_Rarely'),(650,'RM1447','Travel_Rarely'),(651,'RM1470','TravelRarely'),(652,'RM011','Travel_Rarely'),(653,'RM038','Travel_Rarely'),(654,'RM041','Travel_Rarely'),(655,'RM050','Travel_Rarely'),(656,'RM054','Non-Travel'),(657,'RM057','Travel_Frequently'),(658,'RM058','Travel_Rarely'),(659,'RM069','Travel_Frequently'),(660,'RM077','Travel_Rarely'),(661,'RM082','Travel_Rarely'),(662,'RM152','Travel_Rarely'),(663,'RM193','Travel_Rarely'),(664,'RM197','Travel_Frequently'),(665,'RM229','Travel_Frequently'),(666,'RM277','Travel_Rarely'),(667,'RM298','Travel_Rarely'),(668,'RM345','Travel_Rarely'),(669,'RM373','Travel_Rarely'),(670,'RM431','Travel_Rarely'),(671,'RM439','Travel_Rarely'),(672,'RM448','Travel_Rarely'),(673,'RM462','Travel_Rarely'),(674,'RM484','Travel_Rarely'),(675,'RM509','Travel_Rarely'),(676,'RM516','Non-Travel'),(677,'RM558','Non-Travel'),(678,'RM581','Travel_Rarely'),(679,'RM597','Travel_Rarely'),(680,'RM612','Travel_Rarely'),(681,'RM621','Travel_Rarely'),(682,'RM636','Travel_Rarely'),(683,'RM637','Travel_Frequently'),(684,'RM648','Travel_Rarely'),(685,'RM677','Travel_Rarely'),(686,'RM699','Travel_Rarely'),(687,'RM705','Travel_Rarely'),(688,'RM726','Travel_Rarely'),(689,'RM730','Travel_Rarely'),(690,'RM741','Travel_Rarely'),(691,'RM792','Travel_Rarely'),(692,'RM821','Travel_Frequently'),(693,'RM836','Travel_Rarely'),(694,'RM841','Travel_Rarely'),(695,'RM847','Travel_Rarely'),(696,'RM849','Travel_Frequently'),(697,'RM871','Travel_Rarely'),(698,'RM889','Non-Travel'),(699,'RM925','Travel_Rarely'),(700,'RM962','Travel_Frequently'),(701,'RM974','Travel_Rarely'),(702,'RM982','Travel_Frequently'),(703,'RM1003','Travel_Frequently'),(704,'RM1060','Travel_Rarely'),(705,'RM1082','Travel_Rarely'),(706,'RM1101','Travel_Rarely'),(707,'RM1109','Travel_Rarely'),(708,'RM1111','Travel_Rarely'),(709,'RM1124','Travel_Rarely'),(710,'RM1131','Travel_Rarely'),(711,'RM1135','Travel_Rarely'),(712,'RM1151','Travel_Rarely'),(713,'RM1158','Non-Travel'),(714,'RM1163','Travel_Rarely'),(715,'RM1168','Travel_Rarely'),(716,'RM1187','Travel_Frequently'),(717,'RM1216','Travel_Frequently'),(718,'RM1233','Travel_Rarely'),(719,'RM1282','Travel_Rarely'),(720,'RM1289','Non-Travel'),(721,'RM1303','Travel_Rarely'),(722,'RM1346','Travel_Rarely'),(723,'RM1381','Travel_Rarely'),(724,'RM1393','Travel_Rarely'),(725,'RM1423','TravelRarely'),(726,'RM1425','Travel_Rarely'),(727,'RM1451','Travel_Rarely'),(728,'RM1457','Travel_Frequently'),(729,'RM1459','Travel_Rarely'),(730,'RM010','Travel_Rarely'),(731,'RM022','Travel_Rarely'),(732,'RM039','Travel_Rarely'),(733,'RM065','Travel_Rarely'),(734,'RM067','Travel_Frequently'),(735,'RM070','Travel_Rarely'),(736,'RM075','Travel_Rarely'),(737,'RM118','Travel_Frequently'),(738,'RM119','Travel_Rarely'),(739,'RM136','Travel_Rarely'),(740,'RM173','Travel_Frequently'),(741,'RM208','Travel_Frequently'),(742,'RM221','Travel_Rarely'),(743,'RM270','Travel_Rarely'),(744,'RM292','Travel_Rarely'),(745,'RM299','Travel_Frequently'),(746,'RM306','Non-Travel'),(747,'RM359','Non-Travel'),(748,'RM360','Travel_Frequently'),(749,'RM378','Travel_Rarely'),(750,'RM385','Travel_Rarely'),(751,'RM443','Non-Travel'),(752,'RM512','Travel_Rarely'),(753,'RM542','Non-Travel'),(754,'RM570','Non-Travel'),(755,'RM594','Travel_Rarely'),(756,'RM600','Travel_Rarely'),(757,'RM622','Travel_Rarely'),(758,'RM634','Travel_Rarely'),(759,'RM665','Travel_Rarely'),(760,'RM681','Travel_Rarely'),(761,'RM688','Travel_Rarely'),(762,'RM694','Travel_Rarely'),(763,'RM709','Non-Travel'),(764,'RM753','Travel_Rarely'),(765,'RM762','Travel_Rarely'),(766,'RM774','Travel_Rarely'),(767,'RM818','Non-Travel'),(768,'RM874','Travel_Rarely'),(769,'RM883','Travel_Rarely'),(770,'RM901','Travel_Frequently'),(771,'RM928','Travel_Rarely'),(772,'RM943','Travel_Rarely'),(773,'RM969','Travel_Frequently'),(774,'RM1012','Travel_Rarely'),(775,'RM1019','Travel_Rarely'),(776,'RM1020','Travel_Rarely'),(777,'RM1103','Travel_Rarely'),(778,'RM1122','Travel_Rarely'),(779,'RM1129','Travel_Frequently'),(780,'RM1146','Travel_Rarely'),(781,'RM1174','Travel_Rarely'),(782,'RM1181','Travel_Rarely'),(783,'RM1183','Non-Travel'),(784,'RM1184','Travel_Rarely'),(785,'RM1200','Travel_Rarely'),(786,'RM1221','Travel_Rarely'),(787,'RM1237','Travel_Rarely'),(788,'RM1279','Travel_Rarely'),(789,'RM1316','Travel_Rarely'),(790,'RM1341','Travel_Rarely'),(791,'RM1348','Travel_Frequently'),(792,'RM1356','Travel_Rarely'),(793,'RM1384','Non-Travel'),(794,'RM1440','Travel_Rarely'),(795,'RM1441','Travel_Frequently'),(796,'RM1448','Non-Travel'),(797,'RM1454','Travel_Rarely'),(798,'RM1466','Travel_Frequently'),(799,'RM003','Travel_Rarely'),(800,'RM048','Travel_Rarely'),(801,'RM060','Travel_Rarely'),(802,'RM079','Travel_Rarely'),(803,'RM101','Travel_Rarely'),(804,'RM105','Non-Travel'),(805,'RM116','Travel_Rarely'),(806,'RM196','Travel_Rarely'),(807,'RM223','Travel_Frequently'),(808,'RM227','Travel_Frequently'),(809,'RM249','Travel_Rarely'),(810,'RM251','Travel_Frequently'),(811,'RM274','Travel_Rarely'),(812,'RM276','Non-Travel'),(813,'RM286','Travel_Rarely'),(814,'RM295','Travel_Frequently'),(815,'RM341','Travel_Rarely'),(816,'RM354','Travel_Rarely'),(817,'RM365','Travel_Rarely'),(818,'RM387','Travel_Rarely'),(819,'RM390','Travel_Rarely'),(820,'RM399','Non-Travel'),(821,'RM465','Travel_Rarely'),(822,'RM468','Non-Travel'),(823,'RM473','Travel_Rarely'),(824,'RM487','Travel_Rarely'),(825,'RM507','Travel_Rarely'),(826,'RM523','Travel_Rarely'),(827,'RM578','Travel_Rarely'),(828,'RM629','Travel_Rarely'),(829,'RM649','Travel_Frequently'),(830,'RM653','Non-Travel'),(831,'RM696','Travel_Rarely'),(832,'RM745','Travel_Rarely'),(833,'RM768','Travel_Rarely'),(834,'RM796','Travel_Rarely'),(835,'RM833','Travel_Rarely'),(836,'RM856','Travel_Rarely'),(837,'RM990','Travel_Rarely'),(838,'RM1002','Travel_Rarely'),(839,'RM1023','Non-Travel'),(840,'RM1090','Travel_Rarely'),(841,'RM1159','Travel_Rarely'),(842,'RM1164','Travel_Rarely'),(843,'RM1212','Travel_Frequently'),(844,'RM1277','Travel_Rarely'),(845,'RM1281','Travel_Rarely'),(846,'RM1292','Travel_Rarely'),(847,'RM1345','Travel_Rarely'),(848,'RM1433','Travel_Rarely'),(849,'RM009','Travel_Frequently'),(850,'RM020','Travel_Rarely'),(851,'RM062','Travel_Frequently'),(852,'RM084','Non-Travel'),(853,'RM143','Travel_Rarely'),(854,'RM169','Travel_Rarely'),(855,'RM180','Travel_Rarely'),(856,'RM199','Travel_Rarely'),(857,'RM200','Travel_Rarely'),(858,'RM205','Travel_Rarely'),(859,'RM224','Travel_Rarely'),(860,'RM262','Non-Travel'),(861,'RM278','Travel_Rarely'),(862,'RM288','Travel_Rarely'),(863,'RM308','Travel_Rarely'),(864,'RM342','Travel_Rarely'),(865,'RM417','Travel_Frequently'),(866,'RM472','Travel_Rarely'),(867,'RM491','Travel_Rarely'),(868,'RM519','Travel_Rarely'),(869,'RM530','Travel_Rarely'),(870,'RM543','Travel_Rarely'),(871,'RM560','Travel_Rarely'),(872,'RM579','Travel_Frequently'),(873,'RM606','Travel_Frequently'),(874,'RM643','Travel_Rarely'),(875,'RM682','Travel_Rarely'),(876,'RM704','Non-Travel'),(877,'RM723','Travel_Frequently'),(878,'RM748','Travel_Rarely'),(879,'RM766','Travel_Frequently'),(880,'RM785','Travel_Rarely'),(881,'RM808','Travel_Rarely'),(882,'RM812','Travel_Rarely'),(883,'RM827','Travel_Rarely'),(884,'RM964','Travel_Rarely'),(885,'RM983','Travel_Frequently'),(886,'RM1108','Travel_Frequently'),(887,'RM1113','Travel_Rarely'),(888,'RM1120','Travel_Rarely'),(889,'RM1121','Travel_Rarely'),(890,'RM1162','Travel_Rarely'),(891,'RM1188','Travel_Frequently'),(892,'RM1194','Travel_Frequently'),(893,'RM1203','Travel_Rarely'),(894,'RM1257','Travel_Frequently'),(895,'RM1262','Travel_Rarely'),(896,'RM1273','Travel_Rarely'),(897,'RM1290','Non-Travel'),(898,'RM1309','Travel_Rarely'),(899,'RM1374','Travel_Frequently'),(900,'RM1377','Travel_Rarely'),(901,'RM1392','Travel_Rarely'),(902,'RM1401','Travel_Frequently'),(903,'RM1417','Travel_Rarely'),(904,'RM1419','Travel_Frequently'),(905,'RM1431','Travel_Rarely'),(906,'RM1452','TravelRarely'),(907,'RM034','Travel_Rarely'),(908,'RM138','Travel_Rarely'),(909,'RM241','Travel_Rarely'),(910,'RM252','Travel_Frequently'),(911,'RM305','Travel_Rarely'),(912,'RM315','Travel_Rarely'),(913,'RM327','Travel_Frequently'),(914,'RM328','Travel_Rarely'),(915,'RM401','Travel_Frequently'),(916,'RM450','Travel_Frequently'),(917,'RM527','Travel_Rarely'),(918,'RM552','Travel_Rarely'),(919,'RM655','Travel_Rarely'),(920,'RM670','Travel_Rarely'),(921,'RM706','Travel_Rarely'),(922,'RM739','Travel_Rarely'),(923,'RM754','Travel_Frequently'),(924,'RM814','Travel_Frequently'),(925,'RM817','Non-Travel'),(926,'RM938','Travel_Rarely'),(927,'RM941','Travel_Rarely'),(928,'RM950','Travel_Rarely'),(929,'RM987','Travel_Rarely'),(930,'RM993','Non-Travel'),(931,'RM1033','Non-Travel'),(932,'RM1080','Travel_Rarely'),(933,'RM1125','Travel_Rarely'),(934,'RM1149','Travel_Rarely'),(935,'RM1156','Travel_Rarely'),(936,'RM1160','Travel_Frequently'),(937,'RM1176','Travel_Rarely'),(938,'RM1241','Non-Travel'),(939,'RM1285','Travel_Rarely'),(940,'RM1293','Travel_Frequently'),(941,'RM1336','Travel_Rarely'),(942,'RM1367','Non-Travel'),(943,'RM1373','Travel_Rarely'),(944,'RM1404','Travel_Rarely'),(945,'RM1430','Travel_Rarely'),(946,'RM1438','Non-Travel'),(947,'RM1463','Travel_Rarely'),(948,'RM1467','Travel_Rarely'),(949,'RM091','Travel_Frequently'),(950,'RM151','Travel_Frequently'),(951,'RM159','Travel_Rarely'),(952,'RM187','Travel_Rarely'),(953,'RM204','Travel_Rarely'),(954,'RM209','Non-Travel'),(955,'RM244','Travel_Rarely'),(956,'RM258','Travel_Rarely'),(957,'RM336','Travel_Rarely'),(958,'RM362','Travel_Rarely'),(959,'RM369','Travel_Rarely'),(960,'RM388','Travel_Rarely'),(961,'RM392','Travel_Rarely'),(962,'RM418','Travel_Rarely'),(963,'RM449','Travel_Rarely'),(964,'RM459','Non-Travel'),(965,'RM534','Travel_Frequently'),(966,'RM554','Travel_Rarely'),(967,'RM583','Travel_Frequently'),(968,'RM602','Travel_Frequently'),(969,'RM685','Travel_Rarely'),(970,'RM692','Travel_Frequently'),(971,'RM707','Non-Travel'),(972,'RM769','Travel_Rarely'),(973,'RM786','Travel_Rarely'),(974,'RM815','Travel_Rarely'),(975,'RM838','Travel_Frequently'),(976,'RM846','Travel_Frequently'),(977,'RM867','Travel_Frequently'),(978,'RM885','Travel_Rarely'),(979,'RM947','Travel_Rarely'),(980,'RM958','Non-Travel'),(981,'RM960','Travel_Rarely'),(982,'RM968','Travel_Rarely'),(983,'RM979','Travel_Rarely'),(984,'RM1030','Non-Travel'),(985,'RM1041','Non-Travel'),(986,'RM1046','Travel_Rarely'),(987,'RM1084','Travel_Rarely'),(988,'RM1095','Travel_Rarely'),(989,'RM1097','Travel_Rarely'),(990,'RM1099','Non-Travel'),(991,'RM1133','Travel_Rarely'),(992,'RM1157','Travel_Rarely'),(993,'RM1165','Travel_Rarely'),(994,'RM1172','Travel_Rarely'),(995,'RM1230','Travel_Rarely'),(996,'RM1243','Travel_Rarely'),(997,'RM1287','Travel_Rarely'),(998,'RM1300','Travel_Rarely'),(999,'RM1305','Travel_Rarely'),(1000,'RM1349','Travel_Rarely'),(1001,'RM1410','Travel_Frequently'),(1002,'RM1411','Travel_Rarely'),(1003,'RM1428','Travel_Rarely'),(1004,'RM1456','Travel_Rarely'),(1005,'RM1458','Travel_Rarely'),(1006,'RM001','Travel_Rarely'),(1007,'RM046','Travel_Rarely'),(1008,'RM134','Travel_Rarely'),(1009,'RM148','Travel_Frequently'),(1010,'RM149','Travel_Rarely'),(1011,'RM167','Travel_Rarely'),(1012,'RM183','Travel_Rarely'),(1013,'RM216','Travel_Rarely'),(1014,'RM243','Travel_Rarely'),(1015,'RM301','Travel_Rarely'),(1016,'RM347','Travel_Rarely'),(1017,'RM367','Travel_Frequently'),(1018,'RM404','Travel_Rarely'),(1019,'RM447','Non-Travel'),(1020,'RM460','Non-Travel'),(1021,'RM467','Travel_Rarely'),(1022,'RM536','Travel_Rarely'),(1023,'RM539','Travel_Rarely'),(1024,'RM668','Travel_Rarely'),(1025,'RM687','Travel_Rarely'),(1026,'RM717','Travel_Frequently'),(1027,'RM738','Travel_Rarely'),(1028,'RM747','Non-Travel'),(1029,'RM784','Travel_Rarely'),(1030,'RM831','Travel_Rarely'),(1031,'RM865','Non-Travel'),(1032,'RM952','Non-Travel'),(1033,'RM961','Travel_Frequently'),(1034,'RM989','Travel_Frequently'),(1035,'RM1029','Travel_Rarely'),(1036,'RM1197','Travel_Rarely'),(1037,'RM1219','Travel_Rarely'),(1038,'RM1229','Non-Travel'),(1039,'RM1267','Travel_Rarely'),(1040,'RM1295','Travel_Rarely'),(1041,'RM1296','Travel_Rarely'),(1042,'RM1357','Travel_Rarely'),(1043,'RM1421','Travel_Rarely'),(1044,'RM1446','Travel_Rarely'),(1045,'RM1449','Travel_Rarely'),(1046,'RM028','Travel_Rarely'),(1047,'RM198','Non-Travel'),(1048,'RM232','Travel_Rarely'),(1049,'RM254','Travel_Rarely'),(1050,'RM257','Travel_Rarely'),(1051,'RM282','Travel_Rarely'),(1052,'RM296','Travel_Frequently'),(1053,'RM349','Travel_Rarely'),(1054,'RM351','Travel_Rarely'),(1055,'RM357','Travel_Rarely'),(1056,'RM389','Travel_Rarely'),(1057,'RM410','Travel_Frequently'),(1058,'RM414','Travel_Frequently'),(1059,'RM442','Travel_Frequently'),(1060,'RM452','Travel_Rarely'),(1061,'RM489','Travel_Rarely'),(1062,'RM548','Travel_Frequently'),(1063,'RM585','Travel_Frequently'),(1064,'RM598','Travel_Rarely'),(1065,'RM605','Travel_Rarely'),(1066,'RM633','Travel_Frequently'),(1067,'RM644','Travel_Rarely'),(1068,'RM673','Travel_Rarely'),(1069,'RM742','Travel_Rarely'),(1070,'RM800','Travel_Rarely'),(1071,'RM825','Travel_Rarely'),(1072,'RM839','Travel_Frequently'),(1073,'RM840','Travel_Rarely'),(1074,'RM879','Non-Travel'),(1075,'RM888','Travel_Frequently'),(1076,'RM926','Travel_Rarely'),(1077,'RM955','Non-Travel'),(1078,'RM1000','Travel_Rarely'),(1079,'RM1051','Travel_Frequently'),(1080,'RM1089','Travel_Rarely'),(1081,'RM1094','Travel_Frequently'),(1082,'RM1130','Travel_Rarely'),(1083,'RM1264','Travel_Rarely'),(1084,'RM1288','Travel_Rarely'),(1085,'RM1321','Non-Travel'),(1086,'RM1326','Travel_Rarely'),(1087,'RM1358','Travel_Rarely'),(1088,'RM1379','Travel_Rarely'),(1089,'RM1405','Non-Travel'),(1090,'RM1420','Travel_Rarely'),(1091,'RM1444','Travel_Rarely'),(1092,'RM036','Travel_Rarely'),(1093,'RM120','Travel_Frequently'),(1094,'RM131','Travel_Frequently'),(1095,'RM194','Non-Travel'),(1096,'RM236','Travel_Rarely'),(1097,'RM316','Travel_Frequently'),(1098,'RM331','Travel_Frequently'),(1099,'RM334','Travel_Rarely'),(1100,'RM391','Travel_Rarely'),(1101,'RM396','Travel_Frequently'),(1102,'RM397','Travel_Rarely'),(1103,'RM490','Travel_Rarely'),(1104,'RM492','Travel_Frequently'),(1105,'RM549','Travel_Frequently'),(1106,'RM610','Travel_Rarely'),(1107,'RM651','Travel_Frequently'),(1108,'RM662','Travel_Rarely'),(1109,'RM776','Travel_Rarely'),(1110,'RM813','Travel_Frequently'),(1111,'RM850','Travel_Rarely'),(1112,'RM899','Travel_Rarely'),(1113,'RM927','Travel_Rarely'),(1114,'RM996','Travel_Rarely'),(1115,'RM1134','Travel_Rarely'),(1116,'RM1186','Travel_Rarely'),(1117,'RM1217','Travel_Rarely'),(1118,'RM1263','Travel_Frequently'),(1119,'RM1270','Travel_Rarely'),(1120,'RM1294','Non-Travel'),(1121,'RM1317','Travel_Frequently'),(1122,'RM1331','Travel_Rarely'),(1123,'RM1400','Travel_Rarely'),(1124,'RM029','Travel_Rarely'),(1125,'RM032','Travel_Rarely'),(1126,'RM053','Travel_Rarely'),(1127,'RM100','Non-Travel'),(1128,'RM287','Travel_Frequently'),(1129,'RM494','Travel_Rarely'),(1130,'RM498','Travel_Rarely'),(1131,'RM544','Non-Travel'),(1132,'RM618','Travel_Rarely'),(1133,'RM632','Travel_Rarely'),(1134,'RM659','Travel_Rarely'),(1135,'RM751','Travel_Rarely'),(1136,'RM790','Travel_Rarely'),(1137,'RM858','Travel_Rarely'),(1138,'RM863','Non-Travel'),(1139,'RM876','Travel_Rarely'),(1140,'RM892','Travel_Rarely'),(1141,'RM908','Travel_Rarely'),(1142,'RM923','Travel_Rarely'),(1143,'RM929','Travel_Rarely'),(1144,'RM954','Travel_Rarely'),(1145,'RM1043','Non-Travel'),(1146,'RM1047','Travel_Rarely'),(1147,'RM1052','Travel_Frequently'),(1148,'RM1063','Travel_Frequently'),(1149,'RM1079','Travel_Rarely'),(1150,'RM1141','Travel_Rarely'),(1151,'RM1166','Travel_Frequently'),(1152,'RM1201','Travel_Rarely'),(1153,'RM1215','Travel_Rarely'),(1154,'RM1280','Travel_Frequently'),(1155,'RM1353','Travel_Rarely'),(1156,'RM1436','Travel_Rarely'),(1157,'RM068','Travel_Rarely'),(1158,'RM078','Travel_Rarely'),(1159,'RM142','Travel_Rarely'),(1160,'RM154','Travel_Rarely'),(1161,'RM175','Travel_Rarely'),(1162,'RM195','Non-Travel'),(1163,'RM219','Non-Travel'),(1164,'RM245','Travel_Rarely'),(1165,'RM250','Travel_Frequently'),(1166,'RM269','Travel_Rarely'),(1167,'RM312','Travel_Frequently'),(1168,'RM335','Travel_Rarely'),(1169,'RM408','Travel_Rarely'),(1170,'RM453','Travel_Rarely'),(1171,'RM505','Travel_Frequently'),(1172,'RM565','Travel_Rarely'),(1173,'RM604','Travel_Rarely'),(1174,'RM626','Travel_Rarely'),(1175,'RM697','Non-Travel'),(1176,'RM714','Travel_Rarely'),(1177,'RM719','Non-Travel'),(1178,'RM756','Travel_Rarely'),(1179,'RM760','Travel_Rarely'),(1180,'RM806','Non-Travel'),(1181,'RM855','Travel_Rarely'),(1182,'RM914','Travel_Rarely'),(1183,'RM937','Travel_Frequently'),(1184,'RM1035','Travel_Rarely'),(1185,'RM1038','Travel_Rarely'),(1186,'RM1093','Travel_Rarely'),(1187,'RM1100','Travel_Rarely'),(1188,'RM1143','Travel_Rarely'),(1189,'RM1144','Non-Travel'),(1190,'RM1161','Travel_Rarely'),(1191,'RM1222','Non-Travel'),(1192,'RM1226','Travel_Rarely'),(1193,'RM1244','Travel_Rarely'),(1194,'RM1315','Non-Travel'),(1195,'RM1347','Travel_Rarely'),(1196,'RM1363','Travel_Frequently'),(1197,'RM1455','Travel_Rarely'),(1198,'RM030','Travel_Rarely'),(1199,'RM049','Travel_Frequently'),(1200,'RM080','Travel_Rarely'),(1201,'RM090','Travel_Rarely'),(1202,'RM094','Travel_Frequently'),(1203,'RM179','Travel_Rarely'),(1204,'RM210','Travel_Rarely'),(1205,'RM264','Travel_Rarely'),(1206,'RM366','Non-Travel'),(1207,'RM413','Travel_Rarely'),(1208,'RM430','Travel_Rarely'),(1209,'RM434','Travel_Rarely'),(1210,'RM466','Travel_Frequently'),(1211,'RM724','Travel_Rarely'),(1212,'RM771','Travel_Rarely'),(1213,'RM779','Travel_Rarely'),(1214,'RM811','Travel_Rarely'),(1215,'RM862','Travel_Rarely'),(1216,'RM870','Travel_Rarely'),(1217,'RM878','Travel_Rarely'),(1218,'RM917','Travel_Rarely'),(1219,'RM944','Travel_Rarely'),(1220,'RM1032','Travel_Rarely'),(1221,'RM1081','Travel_Rarely'),(1222,'RM1136','Travel_Rarely'),(1223,'RM1232','Travel_Rarely'),(1224,'RM1236','Travel_Rarely'),(1225,'RM1278','Travel_Rarely'),(1226,'RM1286','Non-Travel'),(1227,'RM1299','Travel_Rarely'),(1228,'RM1323','Travel_Rarely'),(1229,'RM1328','Travel_Rarely'),(1230,'RM1334','Travel_Rarely'),(1231,'RM272','Non-Travel'),(1232,'RM330','Travel_Rarely'),(1233,'RM348','Travel_Frequently'),(1234,'RM429','Travel_Rarely'),(1235,'RM533','Travel_Rarely'),(1236,'RM545','Travel_Frequently'),(1237,'RM567','Travel_Frequently'),(1238,'RM593','Travel_Rarely'),(1239,'RM652','Travel_Rarely'),(1240,'RM666','Travel_Rarely'),(1241,'RM708','Travel_Frequently'),(1242,'RM720','Travel_Rarely'),(1243,'RM1021','Travel_Rarely'),(1244,'RM1025','Travel_Rarely'),(1245,'RM1068','Travel_Rarely'),(1246,'RM1155','Travel_Rarely'),(1247,'RM1195','Travel_Rarely'),(1248,'RM1224','Travel_Frequently'),(1249,'RM1235','Non-Travel'),(1250,'RM1304','Travel_Rarely'),(1251,'RM1322','Travel_Rarely'),(1252,'RM1371','Non-Travel'),(1253,'RM1415','Travel_Rarely'),(1254,'RM1422','Non-Travel'),(1255,'RM051','Travel_Rarely'),(1256,'RM353','Travel_Rarely'),(1257,'RM445','Travel_Rarely'),(1258,'RM493','Travel_Rarely'),(1259,'RM521','Travel_Rarely'),(1260,'RM679','Travel_Rarely'),(1261,'RM736','Travel_Rarely'),(1262,'RM737','Travel_Rarely'),(1263,'RM805','Non-Travel'),(1264,'RM902','Travel_Rarely'),(1265,'RM905','Travel_Rarely'),(1266,'RM970','Travel_Rarely'),(1267,'RM1039','Travel_Rarely'),(1268,'RM1104','Travel_Rarely'),(1269,'RM1115','Travel_Rarely'),(1270,'RM1167','Travel_Frequently'),(1271,'RM1205','Travel_Frequently'),(1272,'RM1332','Travel_Rarely'),(1273,'RM1352','Travel_Frequently'),(1274,'RM002','Travel_Frequently'),(1275,'RM130','Travel_Rarely'),(1276,'RM202','Non-Travel'),(1277,'RM291','Travel_Frequently'),(1278,'RM317','Travel_Rarely'),(1279,'RM376','Travel_Rarely'),(1280,'RM474','Travel_Rarely'),(1281,'RM608','Travel_Rarely'),(1282,'RM640','Travel_Rarely'),(1283,'RM678','Travel_Rarely'),(1284,'RM822','Travel_Rarely'),(1285,'RM900','Travel_Rarely'),(1286,'RM1007','Travel_Frequently'),(1287,'RM1045','Travel_Rarely'),(1288,'RM1055','Travel_Rarely'),(1289,'RM1072','Travel_Rarely'),(1290,'RM1148','Travel_Rarely'),(1291,'RM1177','Travel_Rarely'),(1292,'RM1182','Travel_Rarely'),(1293,'RM1193','Travel_Rarely'),(1294,'RM1196','Travel_Rarely'),(1295,'RM1255','Travel_Rarely'),(1296,'RM1378','Travel_Frequently'),(1297,'RM1469','Travel_Frequently'),(1298,'RM037','Travel_Rarely'),(1299,'RM063','Travel_Rarely'),(1300,'RM107','Travel_Frequently'),(1301,'RM132','Travel_Frequently'),(1302,'RM166','Travel_Rarely'),(1303,'RM184','Travel_Rarely'),(1304,'RM234','Travel_Rarely'),(1305,'RM280','Travel_Rarely'),(1306,'RM368','Travel_Rarely'),(1307,'RM426','Travel_Rarely'),(1308,'RM478','Travel_Frequently'),(1309,'RM524','Travel_Rarely'),(1310,'RM529','Travel_Frequently'),(1311,'RM540','Travel_Rarely'),(1312,'RM589','Travel_Rarely'),(1313,'RM654','Non-Travel'),(1314,'RM715','Travel_Rarely'),(1315,'RM722','Travel_Rarely'),(1316,'RM743','Travel_Rarely'),(1317,'RM752','Non-Travel'),(1318,'RM767','Travel_Rarely'),(1319,'RM802','Travel_Frequently'),(1320,'RM868','Travel_Frequently'),(1321,'RM946','Travel_Rarely'),(1322,'RM1087','Travel_Frequently'),(1323,'RM1127','Travel_Rarely'),(1324,'RM1139','Travel_Frequently'),(1325,'RM1178','Travel_Rarely'),(1326,'RM1453','Travel_Frequently'),(1327,'RM1462','Travel_Rarely'),(1328,'RM088','Travel_Rarely'),(1329,'RM092','Travel_Rarely'),(1330,'RM111','Travel_Frequently'),(1331,'RM124','Travel_Rarely'),(1332,'RM137','Travel_Frequently'),(1333,'RM157','Travel_Rarely'),(1334,'RM190','Travel_Rarely'),(1335,'RM214','Travel_Rarely'),(1336,'RM259','Travel_Rarely'),(1337,'RM300','Travel_Rarely'),(1338,'RM377','Travel_Rarely'),(1339,'RM617','Travel_Rarely'),(1340,'RM780','Travel_Rarely'),(1341,'RM919','Travel_Frequently'),(1342,'RM931','Travel_Frequently'),(1343,'RM963','Travel_Rarely'),(1344,'RM972','Travel_Rarely'),(1345,'RM988','Travel_Frequently'),(1346,'RM1276','Travel_Rarely'),(1347,'RM191','Travel_Rarely'),(1348,'RM231','Travel_Rarely'),(1349,'RM238','Non-Travel'),(1350,'RM318','Travel_Rarely'),(1351,'RM407','Travel_Rarely'),(1352,'RM409','Travel_Rarely'),(1353,'RM469','Travel_Rarely'),(1354,'RM562','Travel_Rarely'),(1355,'RM571','Non-Travel'),(1356,'RM588','Travel_Rarely'),(1357,'RM628','Travel_Frequently'),(1358,'RM700','Travel_Rarely'),(1359,'RM750','Travel_Rarely'),(1360,'RM807','Travel_Rarely'),(1361,'RM948','Travel_Rarely'),(1362,'RM995','Travel_Frequently'),(1363,'RM1001','Travel_Rarely'),(1364,'RM1435','Non-Travel'),(1365,'RM019','Travel_Rarely'),(1366,'RM026','Travel_Rarely'),(1367,'RM153','Travel_Rarely'),(1368,'RM185','Travel_Rarely'),(1369,'RM281','Travel_Rarely'),(1370,'RM503','Travel_Rarely'),(1371,'RM535','Travel_Rarely'),(1372,'RM557','Travel_Rarely'),(1373,'RM625','Travel_Rarely'),(1374,'RM647','Travel_Rarely'),(1375,'RM650','Travel_Rarely'),(1376,'RM702','Travel_Rarely'),(1377,'RM761','Travel_Frequently'),(1378,'RM859','Travel_Rarely'),(1379,'RM1044','Travel_Rarely'),(1380,'RM1112','Travel_Rarely'),(1381,'RM1204','Travel_Rarely'),(1382,'RM1269','Non-Travel'),(1383,'RM1397','Travel_Rarely'),(1384,'RM096','Travel_Rarely'),(1385,'RM113','Non-Travel'),(1386,'RM220','Travel_Rarely'),(1387,'RM333','Travel_Frequently'),(1388,'RM393','Travel_Rarely'),(1389,'RM432','Travel_Rarely'),(1390,'RM511','Travel_Rarely'),(1391,'RM576','Travel_Rarely'),(1392,'RM729','Travel_Rarely'),(1393,'RM772','Travel_Rarely'),(1394,'RM891','Travel_Frequently'),(1395,'RM895','Travel_Rarely'),(1396,'RM1009','Travel_Rarely'),(1397,'RM1077','Travel_Frequently'),(1398,'RM1185','Travel_Rarely'),(1399,'RM1306','Travel_Rarely'),(1400,'RM1398','Travel_Rarely'),(1401,'RM1407','Travel_Rarely'),(1402,'RM066','Travel_Rarely'),(1403,'RM083','Travel_Rarely'),(1404,'RM188','Travel_Rarely'),(1405,'RM271','Travel_Rarely'),(1406,'RM284','Travel_Rarely'),(1407,'RM380','Travel_Rarely'),(1408,'RM446','Travel_Rarely'),(1409,'RM569','Travel_Rarely'),(1410,'RM609','Travel_Rarely'),(1411,'RM746','Travel_Frequently'),(1412,'RM775','Non-Travel'),(1413,'RM788','Travel_Frequently'),(1414,'RM915','Non-Travel'),(1415,'RM956','Travel_Rarely'),(1416,'RM976','Travel_Rarely'),(1417,'RM1011','Travel_Rarely'),(1418,'RM1066','Travel_Rarely'),(1419,'RM1117','Travel_Rarely'),(1420,'RM1208','Travel_Rarely'),(1421,'RM1265','Travel_Rarely'),(1422,'RM1337','Travel_Rarely'),(1423,'RM1402','Travel_Rarely'),(1424,'RM086','Travel_Rarely'),(1425,'RM123','Travel_Rarely'),(1426,'RM176','Travel_Rarely'),(1427,'RM402','Travel_Frequently'),(1428,'RM553','Travel_Rarely'),(1429,'RM773','Travel_Frequently'),(1430,'RM852','Travel_Rarely'),(1431,'RM957','Travel_Rarely'),(1432,'RM977','Travel_Rarely'),(1433,'RM1024','Travel_Rarely'),(1434,'RM1355','Travel_Rarely'),(1435,'RM1372','Travel_Rarely'),(1436,'RM1442','Non-Travel'),(1437,'RM1445','Travel_Rarely'),(1438,'RM164','Travel_Rarely'),(1439,'RM361','Travel_Rarely'),(1440,'RM425','Travel_Rarely'),(1441,'RM1054','Travel_Rarely'),(1442,'RM099','Travel_Rarely'),(1443,'RM127','Travel_Rarely'),(1444,'RM158','Travel_Rarely'),(1445,'RM309','Non-Travel'),(1446,'RM596','Travel_Rarely'),(1447,'RM661','Travel_Frequently'),(1448,'RM675','Travel_Rarely'),(1449,'RM701','Travel_Rarely'),(1450,'RM939','Travel_Rarely'),(1451,'RM967','Travel_Rarely'),(1452,'RM1010','Travel_Rarely'),(1453,'RM1302','Non-Travel'),(1454,'RM1311','Travel_Frequently'),(1455,'RM1375','Travel_Rarely'),(1456,'RM007','Travel_Rarely'),(1457,'RM064','Travel_Rarely'),(1458,'RM071','Travel_Frequently'),(1459,'RM106','Non-Travel'),(1460,'RM226','Travel_Rarely'),(1461,'RM233','Travel_Rarely'),(1462,'RM744','Travel_Rarely'),(1463,'RM759','Travel_Rarely'),(1464,'RM898','Travel_Rarely'),(1465,'RM920','Travel_Rarely'),(1466,'RM412','Travel_Rarely'),(1467,'RM428','Travel_Frequently'),(1468,'RM537','Travel_Rarely'),(1469,'RM880','Travel_Rarely'),(1470,'RM1210','Travel_Rarely');
/*!40000 ALTER TABLE `businesstravel` ENABLE KEYS */;
UNLOCK TABLES;

--
-- Table structure for table `department`
--

DROP TABLE IF EXISTS `department`;
/*!40101 SET @saved_cs_client     = @@character_set_client */;
/*!50503 SET character_set_client = utf8mb4 */;
CREATE TABLE `department` (
  `DepartmentID` int NOT NULL,
  `Department` varchar(255) DEFAULT NULL,
  PRIMARY KEY (`DepartmentID`)
) ENGINE=InnoDB DEFAULT CHARSET=utf8mb4 COLLATE=utf8mb4_0900_ai_ci;
/*!40101 SET character_set_client = @saved_cs_client */;

--
-- Dumping data for table `department`
--

LOCK TABLES `department` WRITE;
/*!40000 ALTER TABLE `department` DISABLE KEYS */;
INSERT INTO `department` VALUES (1,'Research & Development'),(2,'Sales'),(3,'Human Resources');
/*!40000 ALTER TABLE `department` ENABLE KEYS */;
UNLOCK TABLES;

--
-- Table structure for table `employee`
--

DROP TABLE IF EXISTS `employee`;
/*!40101 SET @saved_cs_client     = @@character_set_client */;
/*!50503 SET character_set_client = utf8mb4 */;
CREATE TABLE `employee` (
  `EmpID` varchar(255) NOT NULL,
  `Age` int DEFAULT NULL,
  `Gender` varchar(50) DEFAULT NULL,
  `MaritalStatus` varchar(50) DEFAULT NULL,
  `DepartmentID` int DEFAULT NULL,
  `JobRoleID` int DEFAULT NULL,
  PRIMARY KEY (`EmpID`),
  KEY `DepartmentID` (`DepartmentID`),
  KEY `JobRoleID` (`JobRoleID`),
  CONSTRAINT `employee_ibfk_1` FOREIGN KEY (`DepartmentID`) REFERENCES `department` (`DepartmentID`),
  CONSTRAINT `employee_ibfk_2` FOREIGN KEY (`JobRoleID`) REFERENCES `jobrole` (`JobRoleID`)
) ENGINE=InnoDB DEFAULT CHARSET=utf8mb4 COLLATE=utf8mb4_0900_ai_ci;
/*!40101 SET character_set_client = @saved_cs_client */;

--
-- Dumping data for table `employee`
--

LOCK TABLES `employee` WRITE;
/*!40000 ALTER TABLE `employee` DISABLE KEYS */;
INSERT INTO `employee` VALUES ('RM001',41,'Female','Single',2,6),('RM002',49,'Male','Married',1,3),('RM003',37,'Male','Single',1,1),('RM004',33,'Female','Married',1,3),('RM005',27,'Male','Married',1,1),('RM006',32,'Male','Single',1,1),('RM007',59,'Female','Married',1,1),('RM008',30,'Male','Divorced',1,1),('RM009',38,'Male','Single',1,5),('RM010',36,'Male','Married',1,7),('RM011',35,'Male','Married',1,1),('RM012',29,'Female','Single',1,1),('RM013',31,'Male','Divorced',1,3),('RM014',34,'Male','Divorced',1,1),('RM015',28,'Male','Single',1,1),('RM016',29,'Female','Divorced',1,5),('RM017',32,'Male','Divorced',1,3),('RM018',22,'Male','Divorced',1,1),('RM019',53,'Female','Married',2,9),('RM020',38,'Male','Single',1,3),('RM021',24,'Female','Divorced',1,5),('RM022',36,'Male','Single',2,2),('RM023',34,'Female','Single',1,8),('RM024',21,'Male','Single',1,3),('RM025',34,'Male','Single',1,3),('RM026',53,'Female','Divorced',1,9),('RM027',32,'Female','Single',1,3),('RM028',42,'Male','Married',2,6),('RM029',44,'Female','Married',1,7),('RM030',46,'Female','Single',2,9),('RM031',33,'Male','Single',1,1),('RM032',44,'Male','Married',1,7),('RM033',30,'Male','Single',1,1),('RM034',39,'Male','Married',2,2),('RM035',24,'Male','Married',1,3),('RM036',43,'Female','Divorced',1,3),('RM037',50,'Male','Married',2,2),('RM038',35,'Female','Married',2,2),('RM039',36,'Female','Married',1,3),('RM040',33,'Female','Married',2,6),('RM041',35,'Male','Divorced',1,1),('RM042',27,'Female','Divorced',1,1),('RM043',26,'Male','Single',1,1),('RM044',27,'Male','Single',2,6),('RM045',30,'Female','Single',1,1),('RM046',41,'Female','Married',1,8),('RM047',34,'Male','Single',2,6),('RM048',37,'Male','Married',1,3),('RM049',46,'Male','Single',2,6),('RM050',35,'Male','Married',1,1),('RM051',48,'Male','Single',1,1),('RM052',28,'Male','Single',1,1),('RM053',44,'Female','Divorced',2,6),('RM054',35,'Male','Married',1,7),('RM055',26,'Female','Married',2,6),('RM056',33,'Female','Single',1,8),('RM057',35,'Male','Married',2,6),('RM058',35,'Female','Married',1,1),('RM059',31,'Male','Divorced',1,1),('RM060',37,'Male','Divorced',1,5),('RM061',32,'Male','Married',1,5),('RM062',38,'Female','Single',1,1),('RM063',50,'Female','Divorced',1,8),('RM064',59,'Female','Single',2,6),('RM065',36,'Female','Divorced',1,7),('RM066',55,'Female','Divorced',1,9),('RM067',36,'Male','Single',1,5),('RM068',45,'Male','Divorced',1,3),('RM069',35,'Male','Married',1,3),('RM070',36,'Male','Married',1,3),('RM071',59,'Female','Single',2,6),('RM072',29,'Male','Married',1,3),('RM073',31,'Male','Single',1,3),('RM074',32,'Male','Married',1,3),('RM075',36,'Female','Married',1,1),('RM076',31,'Female','Single',1,5),('RM077',35,'Male','Single',2,6),('RM078',45,'Male','Married',1,8),('RM079',37,'Male','Single',1,8),('RM080',46,'Male','Divorced',3,4),('RM081',30,'Male','Married',1,1),('RM082',35,'Male','Single',1,3),('RM083',55,'Male','Married',2,6),('RM084',38,'Female','Divorced',1,3),('RM085',34,'Male','Married',1,5),('RM086',56,'Male','Single',1,5),('RM087',23,'Male','Divorced',2,2),('RM088',51,'Male','Married',1,1),('RM089',30,'Male','Married',1,7),('RM090',46,'Male','Single',2,6),('RM091',40,'Male','Married',1,7),('RM092',51,'Male','Single',2,6),('RM093',30,'Female','Divorced',2,6),('RM094',46,'Male','Married',1,7),('RM095',32,'Male','Single',2,6),('RM096',54,'Female','Married',1,8),('RM097',24,'Female','Married',2,6),('RM098',28,'Male','Married',2,6),('RM099',58,'Male','Single',2,6),('RM100',44,'Male','Married',1,1),('RM1000',42,'Female','Married',3,9),('RM1001',52,'Female','Married',1,1),('RM1002',37,'Female','Single',1,1),('RM1003',35,'Male','Single',1,5),('RM1004',25,'Male','Married',1,1),('RM1005',26,'Male','Single',1,1),('RM1006',29,'Male','Single',3,4),('RM1007',49,'Male','Single',1,1),('RM1008',29,'Female','Single',1,7),('RM1009',54,'Female','Single',1,8),('RM101',37,'Male','Divorced',3,4),('RM1010',58,'Female','Married',1,8),('RM1011',55,'Male','Divorced',1,8),('RM1012',36,'Female','Single',2,6),('RM1013',31,'Female','Single',2,2),('RM1014',30,'Female','Divorced',2,6),('RM1015',31,'Female','Single',1,8),('RM1016',34,'Male','Divorced',1,3),('RM1017',31,'Female','Single',1,3),('RM1018',27,'Male','Married',1,1),('RM1019',36,'Male','Single',1,1),('RM102',32,'Male','Single',1,3),('RM1020',36,'Female','Married',2,6),('RM1021',47,'Male','Married',1,3),('RM1022',25,'Male','Married',2,2),('RM1023',37,'Male','Single',1,1),('RM1024',56,'Female','Married',1,3),('RM1025',47,'Female','Married',1,8),('RM1026',24,'Female','Married',2,6),('RM1027',32,'Male','Married',2,6),('RM1028',34,'Female','Married',1,1),('RM1029',41,'Male','Married',1,3),('RM103',20,'Female','Single',1,1),('RM1030',40,'Male','Divorced',1,1),('RM1031',31,'Male','Divorced',2,6),('RM1032',46,'Male','Divorced',2,6),('RM1033',39,'Female','Single',1,1),('RM1034',31,'Female','Single',1,5),('RM1035',45,'Male','Divorced',1,7),('RM1036',31,'Female','Single',3,4),('RM1037',31,'Male','Married',1,1),('RM1038',45,'Male','Married',1,5),('RM1039',48,'Male','Divorced',2,6),('RM104',34,'Female','Single',1,3),('RM1040',34,'Female','Married',3,4),('RM1041',40,'Male','Divorced',1,8),('RM1042',28,'Male','Single',2,6),('RM1043',44,'Male','Single',1,1),('RM1044',53,'Male','Single',1,8),('RM1045',49,'Male','Married',1,7),('RM1046',40,'Male','Divorced',1,3),('RM1047',44,'Male','Single',1,3),('RM1048',33,'Male','Married',2,6),('RM1049',34,'Male','Single',2,6),('RM105',37,'Male','Divorced',1,7),('RM1050',30,'Male','Married',2,6),('RM1051',42,'Female','Single',1,1),('RM1052',44,'Female','Married',2,6),('RM1053',30,'Male','Divorced',1,3),('RM1054',57,'Male','Married',1,3),('RM1055',49,'Male','Divorced',1,7),('RM1056',34,'Male','Divorced',1,8),('RM1057',28,'Male','Married',2,2),('RM1058',29,'Female','Single',2,6),('RM1059',34,'Female','Single',2,6),('RM106',59,'Female','Married',3,9),('RM1060',35,'Male','Married',2,2),('RM1061',24,'Male','Single',1,1),('RM1062',24,'Female','Married',2,2),('RM1063',44,'Male','Single',1,5),('RM1064',29,'Male','Divorced',2,6),('RM1065',30,'Male','Divorced',3,4),('RM1066',55,'Male','Married',1,7),('RM1067',33,'Female','Married',1,1),('RM1068',47,'Female','Married',2,6),('RM1069',28,'Male','Single',1,1),('RM107',50,'Female','Married',1,8),('RM1070',28,'Male','Divorced',1,3),('RM1071',28,'Male','Single',2,6),('RM1072',49,'Female','Married',1,1),('RM1073',29,'Female','Married',1,1),('RM1074',28,'Male','Married',1,5),('RM1075',33,'Male','Single',1,7),('RM1076',32,'Male','Single',1,9),('RM1077',54,'Female','Divorced',1,9),('RM1078',29,'Male','Single',1,3),('RM1079',44,'Male','Married',1,8),('RM108',25,'Male','Single',2,6),('RM1080',39,'Female','Single',1,5),('RM1081',46,'Female','Married',2,9),('RM1082',35,'Female','Single',1,7),('RM1083',23,'Male','Single',1,1),('RM1084',40,'Male','Single',1,1),('RM1085',34,'Male','Married',2,6),('RM1086',31,'Female','Single',1,3),('RM1087',50,'Male','Single',1,8),('RM1088',34,'Male','Married',2,2),('RM1089',42,'Male','Married',1,1),('RM109',25,'Male','Married',1,3),('RM1090',37,'Male','Married',1,3),('RM1091',29,'Female','Married',1,7),('RM1092',33,'Male','Single',1,5),('RM1093',45,'Male','Married',1,3),('RM1094',42,'Male','Married',1,7),('RM1095',40,'Male','Married',2,6),('RM1096',33,'Male','Married',1,1),('RM1097',40,'Male','Single',3,9),('RM1098',24,'Male','Divorced',1,1),('RM1099',40,'Male','Divorced',1,7),('RM110',22,'Female','Single',1,1),('RM1100',45,'Male','Divorced',1,7),('RM1101',35,'Female','Married',2,2),('RM1102',32,'Female','Married',1,3),('RM1103',36,'Male','Single',2,2),('RM1104',48,'Female','Divorced',2,6),('RM1105',29,'Male','Married',1,3),('RM1106',33,'Male','Married',2,6),('RM1107',30,'Male','Married',2,6),('RM1108',38,'Male','Married',3,4),('RM1109',35,'Male','Single',1,1),('RM111',51,'Female','Single',1,7),('RM1110',30,'Male','Married',2,6),('RM1111',35,'Female','Divorced',1,1),('RM1112',53,'Female','Married',1,5),('RM1113',38,'Male','Married',1,5),('RM1114',32,'Male','Married',1,3),('RM1115',48,'Female','Married',1,3),('RM1116',34,'Male','Single',1,3),('RM1117',55,'Male','Married',2,9),('RM1118',34,'Male','Married',1,3),('RM1119',26,'Female','Married',1,3),('RM112',34,'Male','Single',1,1),('RM1120',38,'Male','Married',2,6),('RM1121',38,'Female','Single',2,6),('RM1122',36,'Female','Single',2,6),('RM1123',29,'Male','Single',1,1),('RM1124',35,'Female','Single',1,7),('RM1125',39,'Male','Married',2,6),('RM1126',29,'Male','Divorced',1,7),('RM1127',50,'Male','Married',2,9),('RM1128',23,'Male','Married',1,3),('RM1129',36,'Male','Married',1,1),('RM113',54,'Female','Single',3,9),('RM1130',42,'Male','Single',1,9),('RM1131',35,'Male','Married',1,1),('RM1132',34,'Male','Married',1,7),('RM1133',40,'Female','Married',2,6),('RM1134',43,'Male','Divorced',1,1),('RM1135',35,'Male','Married',1,1),('RM1136',46,'Male','Single',2,9),('RM1137',28,'Male','Married',1,1),('RM1138',22,'Female','Married',1,3),('RM1139',50,'Male','Married',1,7),('RM114',24,'Male','Married',1,1),('RM1140',32,'Female','Married',1,3),('RM1141',44,'Female','Divorced',1,8),('RM1142',30,'Male','Married',1,3),('RM1143',45,'Female','Single',1,1),('RM1144',45,'Male','Married',2,6),('RM1145',31,'Male','Single',2,6),('RM1146',36,'Female','Married',1,5),('RM1147',34,'Male','Divorced',1,5),('RM1148',49,'Female','Married',1,1),('RM1149',39,'Male','Married',1,5),('RM115',34,'Female','Divorced',1,3),('RM1150',27,'Male','Divorced',1,1),('RM1151',35,'Male','Married',1,3),('RM1152',28,'Female','Divorced',1,5),('RM1153',21,'Male','Single',1,3),('RM1154',18,'Female','Single',2,2),('RM1155',47,'Female','Married',3,9),('RM1156',39,'Male','Divorced',1,1),('RM1157',40,'Female','Married',1,5),('RM1158',35,'Female','Married',1,7),('RM1159',37,'Male','Married',1,5),('RM116',37,'Male','Single',2,6),('RM1160',39,'Female','Single',1,5),('RM1161',45,'Female','Divorced',1,5),('RM1162',38,'Female','Married',1,5),('RM1163',35,'Male','Married',2,6),('RM1164',37,'Female','Married',1,3),('RM1165',40,'Female','Single',1,5),('RM1166',44,'Male','Married',3,4),('RM1167',48,'Male','Married',1,9),('RM1168',35,'Male','Divorced',2,6),('RM1169',24,'Female','Single',1,3),('RM117',34,'Female','Single',1,9),('RM1170',27,'Female','Married',1,3),('RM1171',27,'Male','Single',1,3),('RM1172',40,'Male','Single',1,1),('RM1173',29,'Male','Single',2,6),('RM1174',36,'Female','Married',1,7),('RM1175',25,'Male','Divorced',1,5),('RM1176',39,'Male','Married',1,5),('RM1177',49,'Female','Married',1,8),('RM1178',50,'Female','Divorced',1,8),('RM1179',20,'Female','Single',2,2),('RM118',36,'Female','Married',2,6),('RM1180',34,'Female','Divorced',1,3),('RM1181',36,'Male','Single',1,1),('RM1182',49,'Female','Married',1,7),('RM1183',36,'Female','Married',1,5),('RM1184',36,'Male','Divorced',1,7),('RM1185',54,'Female','Married',1,9),('RM1186',43,'Male','Married',1,8),('RM1187',35,'Male','Single',2,6),('RM1188',38,'Male','Married',1,3),('RM1189',29,'Male','Divorced',2,6),('RM119',36,'Female','Divorced',1,1),('RM1190',33,'Male','Divorced',2,6),('RM1191',32,'Male','Divorced',1,3),('RM1192',31,'Female','Married',2,6),('RM1193',49,'Female','Divorced',1,1),('RM1194',38,'Female','Single',1,1),('RM1195',47,'Female','Divorced',2,9),('RM1196',49,'Male','Single',1,9),('RM1197',41,'Male','Single',2,6),('RM1198',20,'Male','Single',2,2),('RM1199',33,'Female','Divorced',2,6),('RM120',43,'Male','Married',2,9),('RM1200',36,'Male','Married',1,7),('RM1201',44,'Female','Divorced',3,4),('RM1202',23,'Male','Single',1,1),('RM1203',38,'Female','Married',1,1),('RM1204',53,'Male','Married',1,7),('RM1205',48,'Female','Married',2,2),('RM1206',32,'Male','Single',1,1),('RM1207',26,'Male','Single',1,1),('RM1208',55,'Male','Divorced',1,3),('RM1209',34,'Male','Married',1,1),('RM121',30,'Male','Divorced',1,3),('RM1210',60,'Male','Divorced',1,7),('RM1211',33,'Male','Married',1,1),('RM1212',37,'Male','Divorced',2,6),('RM1213',34,'Female','Married',1,3),('RM1214',23,'Male','Divorced',2,2),('RM1215',44,'Female','Married',1,7),('RM1216',35,'Male','Single',1,3),('RM1217',43,'Male','Married',2,6),('RM1218',24,'Male','Married',1,3),('RM1219',41,'Male','Single',2,6),('RM122',33,'Male','Married',2,6),('RM1220',29,'Female','Married',1,1),('RM1221',36,'Female','Single',2,2),('RM1222',45,'Male','Married',1,7),('RM1223',24,'Male','Married',3,4),('RM1224',47,'Male','Married',2,6),('RM1225',26,'Male','Married',1,1),('RM1226',45,'Female','Single',1,8),('RM1227',32,'Male','Married',1,3),('RM1228',31,'Male','Married',1,1),('RM1229',41,'Male','Married',3,4),('RM123',56,'Female','Married',1,3),('RM1230',40,'Female','Married',1,5),('RM1231',24,'Male','Divorced',1,1),('RM1232',46,'Male','Single',1,7),('RM1233',35,'Male','Married',1,5),('RM1234',30,'Male','Married',1,3),('RM1235',47,'Male','Married',2,6),('RM1236',46,'Male','Divorced',2,6),('RM1237',36,'Male','Divorced',2,6),('RM1238',32,'Male','Single',2,6),('RM1239',23,'Female','Single',1,1),('RM124',51,'Male','Single',1,8),('RM1240',31,'Female','Single',1,5),('RM1241',39,'Male','Married',1,1),('RM1242',32,'Male','Married',2,6),('RM1243',40,'Male','Single',2,9),('RM1244',45,'Female','Married',3,4),('RM1245',30,'Female','Single',1,3),('RM1246',24,'Male','Married',3,4),('RM1247',30,'Female','Divorced',3,4),('RM1248',31,'Male','Married',2,6),('RM1249',27,'Female','Single',1,3),('RM125',31,'Male','Married',2,6),('RM1250',29,'Female','Single',2,2),('RM1251',29,'Male','Single',1,7),('RM1252',30,'Male','Divorced',2,6),('RM1253',34,'Male','Married',1,3),('RM1254',33,'Female','Single',2,6),('RM1255',49,'Female','Single',2,6),('RM1256',33,'Female','Single',2,6),('RM1257',38,'Female','Married',1,1),('RM1258',31,'Male','Married',2,6),('RM1259',29,'Female','Divorced',1,3),('RM126',26,'Female','Married',1,3),('RM1260',30,'Male','Married',1,7),('RM1261',32,'Male','Single',1,3),('RM1262',38,'Male','Married',1,7),('RM1263',43,'Male','Married',1,3),('RM1264',42,'Male','Divorced',1,1),('RM1265',55,'Male','Married',1,8),('RM1266',33,'Male','Divorced',1,3),('RM1267',41,'Male','Divorced',1,1),('RM1268',34,'Male','Divorced',2,6),('RM1269',53,'Female','Married',1,5),('RM127',58,'Female','Married',1,7),('RM1270',43,'Male','Single',3,4),('RM1271',34,'Female','Single',2,6),('RM1272',21,'Male','Single',2,2),('RM1273',38,'Female','Married',1,1),('RM1274',22,'Female','Married',1,1),('RM1275',31,'Female','Married',2,6),('RM1276',51,'Female','Married',1,9),('RM1277',37,'Male','Married',2,6),('RM1278',46,'Male','Divorced',1,8),('RM1279',36,'Male','Married',1,7),('RM128',19,'Male','Single',2,2),('RM1280',44,'Male','Divorced',1,3),('RM1281',37,'Male','Divorced',3,4),('RM1282',35,'Male','Single',2,6),('RM1283',33,'Male','Married',1,3),('RM1284',28,'Male','Married',1,3),('RM1285',39,'Male','Single',1,8),('RM1286',46,'Male','Single',2,6),('RM1287',40,'Female','Married',1,1),('RM1288',42,'Male','Married',1,7),('RM1289',35,'Male','Divorced',1,5),('RM129',22,'Male','Married',1,1),('RM1290',38,'Male','Divorced',3,4),('RM1291',34,'Male','Married',1,1),('RM1292',37,'Male','Single',1,5),('RM1293',39,'Male','Divorced',2,6),('RM1294',43,'Male','Single',1,3),('RM1295',41,'Male','Single',1,7),('RM1296',41,'Female','Divorced',2,6),('RM1297',30,'Female','Single',1,5),('RM1298',26,'Female','Married',3,4),('RM1299',46,'Female','Married',1,7),('RM130',49,'Female','Married',1,5),('RM1300',40,'Female','Divorced',1,7),('RM1301',34,'Male','Married',2,6),('RM1302',58,'Male','Divorced',2,9),('RM1303',35,'Male','Married',1,1),('RM1304',47,'Female','Divorced',1,5),('RM1305',40,'Female','Divorced',1,7),('RM1306',54,'Female','Married',1,3),('RM1307',31,'Female','Married',2,6),('RM1308',28,'Female','Married',1,3),('RM1309',38,'Female','Married',2,2),('RM131',43,'Female','Single',1,3),('RM1310',26,'Male','Single',2,6),('RM1311',58,'Male','Married',1,8),('RM1312',18,'Female','Single',1,3),('RM1313',31,'Male','Married',3,4),('RM1314',29,'Male','Divorced',3,4),('RM1315',45,'Female','Married',2,6),('RM1316',36,'Female','Married',1,3),('RM1317',43,'Male','Married',2,6),('RM1318',27,'Female','Single',1,1),('RM1319',29,'Male','Married',1,1),('RM132',50,'Female','Single',2,6),('RM1320',32,'Male','Single',2,6),('RM1321',42,'Male','Married',1,3),('RM1322',47,'Female','Single',1,1),('RM1323',46,'Male','Divorced',1,5),('RM1324',28,'Male','Divorced',3,4),('RM1325',29,'Male','Divorced',1,7),('RM1326',42,'Male','Single',1,1),('RM1327',32,'Male','Single',2,6),('RM1328',46,'Female','Divorced',2,6),('RM1329',27,'Female','Married',2,2),('RM133',31,'Female','Married',2,6),('RM1330',29,'Male','Married',3,4),('RM1331',43,'Female','Married',1,9),('RM1332',48,'Male','Married',1,8),('RM1333',29,'Male','Single',1,3),('RM1334',46,'Female','Married',2,6),('RM1335',27,'Female','Married',1,3),('RM1336',39,'Male','Divorced',1,3),('RM1337',55,'Male','Married',1,3),('RM1338',28,'Female','Married',2,2),('RM1339',30,'Male','Single',2,2),('RM134',41,'Male','Divorced',2,6),('RM1340',22,'Male','Single',1,3),('RM1341',36,'Female','Married',2,6),('RM1342',31,'Male','Divorced',1,1),('RM1343',34,'Male','Married',2,6),('RM1344',29,'Male','Single',1,1),('RM1345',37,'Male','Married',1,3),('RM1346',35,'Female','Married',1,5),('RM1347',45,'Female','Married',1,5),('RM1348',36,'Male','Single',3,4),('RM1349',40,'Male','Divorced',1,9),('RM135',26,'Female','Married',3,4),('RM1350',26,'Female','Married',1,3),('RM1351',27,'Female','Single',2,6),('RM1352',48,'Female','Divorced',1,9),('RM1353',44,'Male','Married',1,7),('RM1354',34,'Male','Married',1,3),('RM1355',56,'Male','Single',1,1),('RM1356',36,'Male','Married',2,6),('RM1357',41,'Female','Married',2,6),('RM1358',42,'Male','Married',1,8),('RM1359',31,'Female','Divorced',2,6),('RM136',36,'Male','Divorced',1,5),('RM1360',34,'Female','Married',2,6),('RM1361',31,'Female','Divorced',1,1),('RM1362',26,'Male','Married',1,1),('RM1363',45,'Male','Single',1,7),('RM1364',33,'Male','Single',2,6),('RM1365',28,'Male','Married',2,6),('RM1366',29,'Male','Single',2,2),('RM1367',39,'Female','Married',2,6),('RM1368',27,'Male','Married',1,3),('RM1369',34,'Male','Married',1,3),('RM137',51,'Male','Single',1,5),('RM1370',28,'Female','Single',2,6),('RM1371',47,'Male','Married',1,3),('RM1372',56,'Female','Married',2,6),('RM1373',39,'Male','Married',1,5),('RM1374',38,'Female','Divorced',1,3),('RM1375',58,'Female','Married',2,9),('RM1376',32,'Female','Single',1,3),('RM1377',38,'Male','Divorced',1,3),('RM1378',49,'Male','Married',1,8),('RM1379',42,'Male','Divorced',2,6),('RM138',39,'Female','Married',2,6),('RM1380',27,'Female','Married',3,4),('RM1381',35,'Male','Married',2,6),('RM1382',28,'Male','Single',1,3),('RM1383',31,'Male','Divorced',1,3),('RM1384',36,'Male','Married',1,1),('RM1385',34,'Male','Single',2,6),('RM1386',34,'Male','Divorced',2,6),('RM1387',26,'Male','Single',1,1),('RM1388',29,'Male','Married',1,7),('RM1389',32,'Female','Divorced',1,7),('RM139',25,'Male','Married',2,6),('RM1390',31,'Male','Married',1,3),('RM1391',28,'Male','Divorced',1,1),('RM1392',38,'Male','Single',2,2),('RM1393',35,'Female','Married',2,6),('RM1394',27,'Male','Single',2,6),('RM1395',32,'Male','Single',1,5),('RM1396',31,'Male','Married',2,6),('RM1397',53,'Male','Single',2,6),('RM1398',54,'Female','Married',1,3),('RM1399',33,'Male','Divorced',1,7),('RM140',30,'Male','Married',3,4),('RM1400',43,'Male','Married',1,7),('RM1401',38,'Male','Married',3,4),('RM1402',55,'Male','Married',3,9),('RM1403',31,'Female','Divorced',1,1),('RM1404',39,'Male','Single',2,6),('RM1405',42,'Male','Single',1,3),('RM1406',31,'Female','Married',1,8),('RM1407',54,'Female','Single',1,5),('RM1408',24,'Male','Single',1,7),('RM1409',23,'Male','Single',1,1),('RM141',32,'Female','Single',1,1),('RM1410',40,'Female','Married',1,1),('RM1411',40,'Female','Married',2,6),('RM1412',25,'Female','Married',3,4),('RM1413',30,'Male','Married',1,1),('RM1414',25,'Male','Divorced',1,1),('RM1415',47,'Male','Single',1,7),('RM1416',33,'Male','Divorced',1,1),('RM1417',38,'Male','Married',2,6),('RM1418',31,'Male','Married',2,2),('RM1419',38,'Male','Married',1,5),('RM142',45,'Male','Single',1,3),('RM1420',42,'Male','Divorced',1,3),('RM1421',41,'Male','Married',1,3),('RM1422',47,'Female','Married',1,8),('RM1423',35,'Male','Married',1,1),('RM1424',22,'Male','Single',1,3),('RM1425',35,'Male','Single',1,3),('RM1426',33,'Female','Married',1,7),('RM1427',32,'Female','Single',1,1),('RM1428',40,'Male','Married',1,1),('RM1429',32,'Male','Married',2,2),('RM143',38,'Female','Single',1,3),('RM1430',39,'Male','Single',1,3),('RM1431',38,'Female','Married',1,8),('RM1432',32,'Female','Married',2,6),('RM1433',37,'Female','Married',1,8),('RM1434',25,'Female','Divorced',2,6),('RM1435',52,'Male','Divorced',2,2),('RM1436',44,'Male','Single',1,3),('RM1437',21,'Male','Single',2,2),('RM1438',39,'Male','Single',1,9),('RM1439',23,'Male','Married',2,2),('RM144',30,'Female','Single',1,3),('RM1440',36,'Female','Married',2,6),('RM1441',36,'Female','Divorced',1,5),('RM1442',56,'Male','Divorced',1,7),('RM1443',29,'Male','Married',1,3),('RM1444',42,'Male','Married',1,9),('RM1445',56,'Male','Married',1,1),('RM1446',41,'Female','Married',1,5),('RM1447',34,'Female','Married',2,6),('RM1448',36,'Male','Divorced',2,6),('RM1449',41,'Male','Divorced',2,6),('RM145',32,'Male','Divorced',2,6),('RM1450',32,'Male','Single',1,3),('RM1451',35,'Female','Single',3,4),('RM1452',38,'Female','Married',2,6),('RM1453',50,'Male','Divorced',2,6),('RM1454',36,'Female','Married',2,6),('RM1455',45,'Female','Single',2,6),('RM1456',40,'Male','Single',1,3),('RM1457',35,'Male','Married',1,7),('RM1458',40,'Female','Married',1,3),('RM1459',35,'Female','Married',1,3),('RM146',30,'Female','Divorced',1,3),('RM1460',29,'Male','Married',1,1),('RM1461',29,'Female','Single',1,3),('RM1462',50,'Male','Divorced',2,6),('RM1463',39,'Female','Married',2,6),('RM1464',31,'Male','Single',1,5),('RM1465',26,'Female','Single',2,2),('RM1466',36,'Male','Married',1,1),('RM1467',39,'Male','Married',1,7),('RM1468',27,'Male','Married',1,5),('RM1469',49,'Male','Married',2,6),('RM147',30,'Male','Single',1,1),('RM1470',34,'Male','Married',1,1),('RM148',41,'Male','Divorced',1,9),('RM149',41,'Male','Married',1,1),('RM150',19,'Female','Single',1,1),('RM151',40,'Female','Divorced',1,3),('RM152',35,'Male','Married',2,6),('RM153',53,'Male','Married',2,2),('RM154',45,'Male','Divorced',1,1),('RM155',32,'Female','Single',2,6),('RM156',29,'Male','Married',1,5),('RM157',51,'Male','Married',1,5),('RM158',58,'Female','Married',1,3),('RM159',40,'Male','Married',2,6),('RM160',34,'Female','Married',2,2),('RM161',22,'Male','Married',1,3),('RM162',27,'Male','Divorced',1,3),('RM163',28,'Male','Married',1,3),('RM164',57,'Male','Divorced',1,7),('RM165',27,'Male','Divorced',1,3),('RM166',50,'Female','Single',1,9),('RM167',41,'Male','Divorced',1,3),('RM168',30,'Female','Married',2,6),('RM169',38,'Female','Single',2,6),('RM170',32,'Male','Single',1,3),('RM171',27,'Male','Married',1,3),('RM172',19,'Female','Single',2,2),('RM173',36,'Male','Single',1,1),('RM174',30,'Male','Divorced',1,1),('RM175',45,'Female','Divorced',2,6),('RM176',56,'Female','Divorced',1,3),('RM177',33,'Male','Single',1,3),('RM178',19,'Male','Single',1,1),('RM179',46,'Female','Divorced',2,6),('RM180',38,'Female','Single',1,1),('RM181',31,'Female','Married',1,3),('RM182',34,'Female','Single',1,3),('RM183',41,'Female','Single',2,2),('RM184',50,'Male','Married',1,1),('RM185',53,'Female','Divorced',1,5),('RM186',33,'Female','Married',1,3),('RM187',40,'Female','Married',1,9),('RM188',55,'Male','Single',1,8),('RM189',34,'Male','Married',1,5),('RM190',51,'Female','Single',1,7),('RM191',52,'Male','Married',1,9),('RM192',27,'Female','Single',1,3),('RM193',35,'Male','Married',1,5),('RM194',43,'Male','Divorced',1,3),('RM195',45,'Male','Married',1,9),('RM196',37,'Male','Married',1,3),('RM197',35,'Female','Single',1,1),('RM198',42,'Female','Divorced',1,5),('RM199',38,'Male','Married',1,5),('RM200',38,'Male','Married',1,5),('RM201',27,'Male','Married',1,5),('RM202',49,'Male','Divorced',1,5),('RM203',34,'Male','Divorced',1,3),('RM204',40,'Male','Married',1,1),('RM205',38,'Male','Married',1,7),('RM206',29,'Female','Married',2,6),('RM207',22,'Male','Divorced',1,3),('RM208',36,'Female','Single',1,1),('RM209',40,'Male','Married',1,7),('RM210',46,'Male','Divorced',1,7),('RM211',32,'Male','Married',2,6),('RM212',30,'Male','Single',1,5),('RM213',27,'Female','Single',2,6),('RM214',51,'Male','Married',1,8),('RM215',30,'Female','Single',1,3),('RM216',41,'Female','Single',2,9),('RM217',30,'Female','Single',2,6),('RM218',29,'Male','Single',1,3),('RM219',45,'Female','Single',2,6),('RM220',54,'Female','Married',2,6),('RM221',36,'Male','Single',1,1),('RM222',33,'Female','Married',1,3),('RM223',37,'Male','Divorced',1,8),('RM224',38,'Male','Divorced',2,6),('RM225',31,'Male','Married',1,5),('RM226',59,'Male','Married',1,3),('RM227',37,'Male','Divorced',2,2),('RM228',29,'Female','Married',2,6),('RM229',35,'Female','Single',2,6),('RM230',29,'Male','Single',1,3),('RM231',52,'Female','Single',1,1),('RM232',42,'Male','Married',1,9),('RM233',59,'Male','Married',3,4),('RM234',50,'Female','Divorced',2,9),('RM235',33,'Male','Married',1,1),('RM236',43,'Female','Married',2,9),('RM237',33,'Female','Married',1,1),('RM238',52,'Male','Single',2,9),('RM239',32,'Female','Married',2,2),('RM240',32,'Male','Single',1,1),('RM241',39,'Female','Divorced',1,1),('RM242',32,'Male','Married',2,6),('RM243',41,'Male','Divorced',1,3),('RM244',40,'Male','Divorced',1,3),('RM245',45,'Male','Married',1,9),('RM246',31,'Male','Divorced',1,8),('RM247',33,'Female','Married',1,3),('RM248',34,'Male','Married',1,5),('RM249',37,'Female','Married',1,3),('RM250',45,'Male','Married',1,5),('RM251',37,'Male','Divorced',1,5),('RM252',39,'Female','Single',1,7),('RM253',29,'Male','Single',1,3),('RM254',42,'Female','Single',1,3),('RM255',29,'Male','Divorced',2,6),('RM256',25,'Female','Married',1,5),('RM257',42,'Female','Divorced',1,1),('RM258',40,'Male','Divorced',1,8),('RM259',51,'Male','Married',1,3),('RM260',31,'Male','Single',1,1),('RM261',32,'Male','Married',1,1),('RM262',38,'Male','Married',2,6),('RM263',32,'Male','Single',1,1),('RM264',46,'Female','Married',2,9),('RM265',28,'Male','Single',1,1),('RM266',29,'Male','Married',2,6),('RM267',31,'Male','Married',1,7),('RM268',25,'Male','Divorced',1,7),('RM269',45,'Male','Married',1,7),('RM270',36,'Male','Married',1,1),('RM271',55,'Male','Single',1,9),('RM272',47,'Male','Married',1,9),('RM273',28,'Male','Married',1,3),('RM274',37,'Male','Married',2,6),('RM275',21,'Male','Single',1,3),('RM276',37,'Female','Divorced',1,8),('RM277',35,'Female','Divorced',1,9),('RM278',38,'Female','Divorced',2,6),('RM279',26,'Female','Divorced',1,5),('RM280',50,'Male','Divorced',1,8),('RM281',53,'Male','Married',1,8),('RM282',42,'Male','Married',2,6),('RM283',29,'Male','Single',2,6),('RM284',55,'Male','Married',1,1),('RM285',26,'Male','Married',1,7),('RM286',37,'Female','Single',1,3),('RM287',44,'Male','Divorced',1,1),('RM288',38,'Male','Divorced',1,7),('RM289',26,'Male','Divorced',1,1),('RM290',28,'Female','Single',1,3),('RM291',49,'Female','Single',1,8),('RM292',36,'Male','Single',1,3),('RM293',31,'Female','Divorced',2,2),('RM294',26,'Male','Single',2,6),('RM295',37,'Male','Married',1,3),('RM296',42,'Female','Married',2,6),('RM297',18,'Male','Single',1,1),('RM298',35,'Male','Married',2,6),('RM299',36,'Male','Married',1,1),('RM300',51,'Male','Divorced',1,5),('RM301',41,'Male','Single',2,9),('RM302',18,'Female','Single',2,2),('RM303',28,'Male','Single',1,7),('RM304',31,'Male','Married',2,6),('RM305',39,'Male','Divorced',1,7),('RM306',36,'Female','Married',1,1),('RM307',32,'Male','Married',2,6),('RM308',38,'Female','Married',1,8),('RM309',58,'Male','Divorced',1,7),('RM310',31,'Male','Married',1,3),('RM311',31,'Male','Married',3,4),('RM312',45,'Male','Divorced',1,1),('RM313',31,'Male','Divorced',1,3),('RM314',33,'Female','Married',1,9),('RM315',39,'Male','Married',1,9),('RM316',43,'Female','Single',1,1),('RM317',49,'Female','Single',1,7),('RM318',52,'Male','Married',1,3),('RM319',27,'Female','Single',1,3),('RM320',32,'Female','Married',2,6),('RM321',27,'Male','Single',2,6),('RM322',31,'Male','Divorced',2,6),('RM323',32,'Female','Single',1,3),('RM324',28,'Male','Married',1,3),('RM325',30,'Female','Married',1,3),('RM326',31,'Female','Married',1,5),('RM327',39,'Male','Married',1,9),('RM328',39,'Female','Married',2,6),('RM329',33,'Male','Single',2,6),('RM330',47,'Male','Married',1,8),('RM331',43,'Female','Divorced',1,1),('RM332',27,'Male','Married',2,6),('RM333',54,'Female','Single',1,3),('RM334',43,'Female','Married',1,7),('RM335',45,'Male','Married',1,3),('RM336',40,'Male','Married',2,6),('RM337',29,'Male','Married',1,1),('RM338',29,'Male','Single',1,1),('RM339',30,'Female','Divorced',2,6),('RM340',27,'Female','Married',2,6),('RM341',37,'Male','Divorced',1,5),('RM342',38,'Male','Divorced',1,8),('RM343',31,'Female','Single',1,5),('RM344',29,'Female','Divorced',2,6),('RM345',35,'Male','Single',1,5),('RM346',23,'Male','Divorced',1,3),('RM347',41,'Male','Single',1,5),('RM348',47,'Male','Single',2,2),('RM349',42,'Female','Single',1,8),('RM350',29,'Male','Married',2,6),('RM351',42,'Male','Divorced',3,4),('RM352',32,'Female','Married',1,1),('RM353',48,'Female','Married',2,9),('RM354',37,'Male','Divorced',1,3),('RM355',30,'Female','Married',2,6),('RM356',26,'Male','Married',2,6),('RM357',42,'Male','Single',1,7),('RM358',21,'Female','Single',2,2),('RM359',36,'Female','Single',2,6),('RM360',36,'Male','Married',2,6),('RM361',57,'Male','Married',1,7),('RM362',40,'Female','Married',1,1),('RM363',21,'Male','Single',2,2),('RM364',33,'Female','Single',2,2),('RM365',37,'Female','Married',1,1),('RM366',46,'Female','Married',1,5),('RM367',41,'Male','Single',2,6),('RM368',50,'Male','Single',1,7),('RM369',40,'Male','Married',2,6),('RM370',31,'Male','Single',1,3),('RM371',21,'Female','Single',2,2),('RM372',29,'Male','Single',1,3),('RM373',35,'Male','Single',1,7),('RM374',27,'Male','Divorced',1,1),('RM375',28,'Male','Single',2,6),('RM376',49,'Male','Single',1,7),('RM377',51,'Female','Married',2,6),('RM378',36,'Female','Married',1,3),('RM379',34,'Male','Single',2,6),('RM380',55,'Female','Single',1,9),('RM381',24,'Female','Divorced',2,6),('RM382',30,'Male','Married',2,2),('RM383',26,'Male','Single',1,3),('RM384',22,'Female','Married',1,3),('RM385',36,'Male','Married',2,6),('RM386',30,'Male','Single',1,3),('RM387',37,'Female','Divorced',1,1),('RM388',40,'Female','Divorced',2,6),('RM389',42,'Female','Divorced',1,1),('RM390',37,'Male','Single',1,5),('RM391',43,'Male','Divorced',1,8),('RM392',40,'Female','Married',1,1),('RM393',54,'Male','Married',1,8),('RM394',34,'Female','Married',2,6),('RM395',31,'Female','Married',1,5),('RM396',43,'Male','Married',1,1),('RM397',43,'Female','Divorced',1,7),('RM398',25,'Female','Single',2,6),('RM399',37,'Female','Married',1,3),('RM400',31,'Male','Married',1,1),('RM401',39,'Male','Divorced',1,9),('RM402',56,'Female','Married',2,6),('RM403',30,'Female','Single',2,6),('RM404',41,'Male','Married',2,6),('RM405',28,'Male','Divorced',1,1),('RM406',25,'Male','Married',1,1),('RM407',52,'Male','Married',1,5),('RM408',45,'Male','Married',1,3),('RM409',52,'Female','Married',1,9),('RM410',42,'Female','Divorced',1,3),('RM411',30,'Female','Single',1,5),('RM412',60,'Female','Married',1,9),('RM413',46,'Female','Divorced',1,5),('RM414',42,'Female','Married',1,7),('RM415',24,'Female','Single',2,2),('RM416',34,'Female','Divorced',2,2),('RM417',38,'Male','Married',1,1),('RM418',40,'Female','Married',2,9),('RM419',26,'Female','Divorced',1,3),('RM420',30,'Male','Married',1,1),('RM421',29,'Male','Married',1,8),('RM422',29,'Female','Married',1,3),('RM423',19,'Male','Single',3,4),('RM424',30,'Female','Married',2,6),('RM425',57,'Male','Divorced',2,9),('RM426',50,'Male','Married',1,9),('RM427',30,'Female','Single',1,1),('RM428',60,'Female','Married',2,6),('RM429',47,'Female','Divorced',1,5),('RM430',46,'Male','Married',1,8),('RM431',35,'Male','Single',1,1),('RM432',54,'Female','Single',1,1),('RM433',34,'Male','Divorced',1,3),('RM434',46,'Female','Married',2,6),('RM435',31,'Male','Divorced',1,5),('RM436',33,'Male','Married',1,9),('RM437',33,'Male','Divorced',1,1),('RM438',30,'Male','Single',2,2),('RM439',35,'Male','Married',1,7),('RM440',31,'Male','Married',1,7),('RM441',34,'Female','Divorced',3,4),('RM442',42,'Male','Married',1,1),('RM443',36,'Male','Single',2,6),('RM444',22,'Male','Single',1,1),('RM445',48,'Female','Married',2,6),('RM446',55,'Female','Single',2,9),('RM447',41,'Male','Single',2,6),('RM448',35,'Male','Married',2,6),('RM449',40,'Female','Single',1,5),('RM450',39,'Female','Married',1,1),('RM451',31,'Male','Single',2,6),('RM452',42,'Male','Married',1,5),('RM453',45,'Male','Married',2,6),('RM454',26,'Female','Divorced',3,4),('RM455',29,'Male','Divorced',1,5),('RM456',33,'Female','Divorced',1,8),('RM457',31,'Male','Divorced',2,9),('RM458',18,'Male','Single',2,2),('RM459',40,'Male','Divorced',2,6),('RM460',41,'Female','Single',1,7),('RM461',26,'Male','Divorced',2,6),('RM462',35,'Female','Single',2,6),('RM463',34,'Male','Single',2,6),('RM464',26,'Male','Single',1,1),('RM465',37,'Female','Single',1,5),('RM466',46,'Female','Married',1,7),('RM467',41,'Female','Married',2,9),('RM468',37,'Male','Divorced',2,6),('RM469',52,'Male','Divorced',1,3),('RM470',32,'Male','Married',2,6),('RM471',24,'Male','Married',2,2),('RM472',38,'Female','Married',1,7),('RM473',37,'Female','Married',1,5),('RM474',49,'Male','Divorced',1,8),('RM475',24,'Male','Married',1,3),('RM476',26,'Male','Married',2,6),('RM477',24,'Male','Married',1,1),('RM478',50,'Male','Married',3,9),('RM479',25,'Male','Married',2,2),('RM480',24,'Female','Married',1,1),('RM481',30,'Male','Married',2,2),('RM482',34,'Male','Married',1,3),('RM483',31,'Male','Divorced',2,6),('RM484',35,'Male','Single',1,1),('RM485',31,'Male','Divorced',2,6),('RM486',27,'Female','Divorced',1,3),('RM487',37,'Male','Married',2,6),('RM488',20,'Female','Single',1,3),('RM489',42,'Female','Married',1,7),('RM490',43,'Male','Divorced',1,8),('RM491',38,'Female','Single',1,3),('RM492',43,'Male','Divorced',1,1),('RM493',48,'Female','Married',1,9),('RM494',44,'Female','Single',3,4),('RM495',34,'Female','Divorced',2,2),('RM496',27,'Male','Divorced',2,2),('RM497',21,'Male','Single',2,2),('RM498',44,'Male','Married',1,9),('RM499',22,'Male','Married',1,3),('RM500',33,'Male','Divorced',2,6),('RM501',32,'Female','Married',1,3),('RM502',30,'Female','Divorced',1,3),('RM503',53,'Female','Single',2,6),('RM504',34,'Male','Married',1,3),('RM505',45,'Female','Married',2,6),('RM506',26,'Female','Married',1,1),('RM507',37,'Male','Married',1,5),('RM508',29,'Female','Married',2,6),('RM509',35,'Male','Single',1,3),('RM510',33,'Male','Divorced',1,7),('RM511',54,'Male','Married',3,4),('RM512',36,'Male','Divorced',1,5),('RM513',27,'Male','Single',1,3),('RM514',20,'Male','Single',1,3),('RM515',33,'Male','Single',1,3),('RM516',35,'Male','Married',1,1),('RM517',23,'Male','Married',1,3),('RM518',25,'Male','Married',2,6),('RM519',38,'Female','Single',2,6),('RM520',29,'Male','Divorced',1,3),('RM521',48,'Male','Married',2,6),('RM522',27,'Female','Divorced',2,6),('RM523',37,'Male','Single',1,3),('RM524',50,'Male','Married',1,1),('RM525',34,'Female','Single',1,7),('RM526',24,'Female','Single',2,6),('RM527',39,'Female','Single',1,7),('RM528',32,'Male','Single',2,6),('RM529',50,'Male','Married',2,6),('RM530',38,'Female','Single',1,7),('RM531',27,'Female','Married',1,5),('RM532',32,'Female','Single',1,8),('RM533',47,'Male','Single',2,6),('RM534',40,'Male','Married',2,6),('RM535',53,'Male','Married',1,8),('RM536',41,'Male','Divorced',3,9),('RM537',60,'Male','Single',2,6),('RM538',27,'Male','Divorced',1,5),('RM539',41,'Male','Married',3,9),('RM540',50,'Male','Married',2,2),('RM541',28,'Female','Single',1,3),('RM542',36,'Female','Married',1,8),('RM543',38,'Female','Single',1,5),('RM544',44,'Male','Single',1,1),('RM545',47,'Female','Divorced',2,6),('RM546',30,'Male','Divorced',2,6),('RM547',29,'Male','Single',2,2),('RM548',42,'Male','Divorced',1,3),('RM549',43,'Male','Married',2,6),('RM550',34,'Female','Single',1,7),('RM551',23,'Male','Married',1,1),('RM552',39,'Female','Married',3,4),('RM553',56,'Male','Married',1,7),('RM554',40,'Female','Single',1,3),('RM555',27,'Female','Single',1,7),('RM556',29,'Male','Divorced',2,2),('RM557',53,'Male','Single',1,1),('RM558',35,'Female','Divorced',1,7),('RM559',32,'Male','Married',1,1),('RM560',38,'Male','Married',1,3),('RM561',34,'Female','Divorced',1,5),('RM562',52,'Male','Married',2,9),('RM563',33,'Male','Single',1,3),('RM564',25,'Female','Single',2,6),('RM565',45,'Male','Single',2,2),('RM566',23,'Male','Single',1,3),('RM567',47,'Female','Single',2,6),('RM568',34,'Male','Single',2,6),('RM569',55,'Male','Married',1,9),('RM570',36,'Male','Single',2,6),('RM571',52,'Male','Married',1,3),('RM572',26,'Female','Divorced',1,1),('RM573',29,'Female','Married',1,7),('RM574',26,'Male','Single',2,6),('RM575',34,'Female','Single',1,3),('RM576',54,'Female','Divorced',1,5),('RM577',27,'Male','Married',2,6),('RM578',37,'Female','Divorced',1,3),('RM579',38,'Female','Single',1,5),('RM580',34,'Female','Single',1,3),('RM581',35,'Female','Married',2,2),('RM582',30,'Male','Married',1,1),('RM583',40,'Female','Married',1,7),('RM584',34,'Female','Married',2,6),('RM585',42,'Male','Divorced',1,9),('RM586',23,'Male','Married',1,1),('RM587',24,'Male','Divorced',1,1),('RM588',52,'Female','Married',1,1),('RM589',50,'Male','Married',1,8),('RM590',29,'Female','Married',1,1),('RM591',33,'Male','Married',1,8),('RM592',33,'Female','Single',2,6),('RM593',47,'Female','Married',1,9),('RM594',36,'Female','Married',1,5),('RM595',29,'Male','Married',1,3),('RM596',58,'Male','Single',1,8),('RM597',35,'Female','Single',1,3),('RM598',42,'Female','Married',1,5),('RM599',28,'Male','Single',1,3),('RM600',36,'Male','Married',3,4),('RM601',32,'Female','Married',1,5),('RM602',40,'Male','Single',1,1),('RM603',30,'Female','Single',1,5),('RM604',45,'Female','Single',1,3),('RM605',42,'Male','Married',1,5),('RM606',38,'Male','Divorced',1,7),('RM607',34,'Female','Single',1,3),('RM608',49,'Female','Married',2,6),('RM609',55,'Male','Single',2,6),('RM610',43,'Male','Married',1,8),('RM611',27,'Male','Divorced',1,8),('RM612',35,'Male','Single',1,5),('RM613',28,'Female','Married',2,6),('RM614',34,'Male','Married',3,4),('RM615',26,'Female','Married',1,3),('RM616',27,'Male','Married',1,3),('RM617',51,'Female','Married',2,9),('RM618',44,'Male','Single',1,7),('RM619',25,'Male','Single',1,3),('RM620',33,'Male','Divorced',2,6),('RM621',35,'Female','Single',1,3),('RM622',36,'Male','Married',2,6),('RM623',32,'Male','Divorced',2,6),('RM624',30,'Male','Divorced',1,3),('RM625',53,'Female','Married',2,6),('RM626',45,'Male','Divorced',2,6),('RM627',32,'Female','Married',1,3),('RM628',52,'Female','Married',1,5),('RM629',37,'Male','Divorced',2,6),('RM630',28,'Male','Divorced',3,4),('RM631',22,'Male','Married',1,5),('RM632',44,'Male','Married',1,1),('RM633',42,'Male','Single',1,3),('RM634',36,'Male','Married',3,4),('RM635',25,'Male','Married',2,6),('RM636',35,'Female','Married',1,5),('RM637',35,'Female','Divorced',1,3),('RM638',32,'Male','Divorced',1,1),('RM639',25,'Male','Married',2,6),('RM640',49,'Female','Married',1,3),('RM641',24,'Male','Married',1,1),('RM642',32,'Male','Married',2,6),('RM643',38,'Male','Married',2,2),('RM644',42,'Female','Married',1,1),('RM645',31,'Male','Married',1,3),('RM646',29,'Female','Divorced',2,2),('RM647',53,'Male','Married',2,6),('RM648',35,'Male','Married',1,5),('RM649',37,'Female','Married',2,2),('RM650',53,'Female','Single',1,8),('RM651',43,'Female','Married',1,7),('RM652',47,'Female','Married',2,6),('RM653',37,'Male','Single',2,6),('RM654',50,'Male','Divorced',1,9),('RM655',39,'Female','Married',3,4),('RM656',33,'Male','Divorced',3,4),('RM657',32,'Male','Single',1,1),('RM658',29,'Female','Divorced',1,1),('RM659',44,'Male','Married',1,3),('RM660',28,'Male','Single',2,6),('RM661',58,'Male','Divorced',1,1),('RM662',43,'Female','Divorced',1,5),('RM663',20,'Female','Single',2,2),('RM664',21,'Female','Single',1,3),('RM665',36,'Male','Married',1,7),('RM666',47,'Female','Single',2,2),('RM667',22,'Female','Married',1,5),('RM668',41,'Female','Divorced',1,1),('RM669',28,'Female','Divorced',1,3),('RM670',39,'Male','Married',1,1),('RM671',27,'Female','Single',1,3),('RM672',34,'Male','Divorced',1,1),('RM673',42,'Female','Single',2,6),('RM674',33,'Male','Single',1,3),('RM675',58,'Female','Divorced',1,7),('RM676',31,'Male','Married',2,2),('RM677',35,'Female','Married',1,7),('RM678',49,'Female','Married',1,1),('RM679',48,'Male','Married',1,3),('RM680',31,'Female','Married',2,6),('RM681',36,'Male','Single',1,3),('RM682',38,'Female','Married',1,8),('RM683',32,'Female','Married',1,1),('RM684',25,'Male','Married',2,2),('RM685',40,'Male','Divorced',2,6),('RM686',26,'Male','Single',2,6),('RM687',41,'Male','Single',1,1),('RM688',36,'Male','Single',1,1),('RM689',19,'Male','Single',2,2),('RM690',20,'Male','Single',1,1),('RM691',31,'Female','Married',1,7),('RM692',40,'Male','Divorced',1,3),('RM693',32,'Female','Married',1,5),('RM694',36,'Male','Married',2,6),('RM695',33,'Female','Single',1,7),('RM696',37,'Male','Married',2,6),('RM697',45,'Male','Married',1,1),('RM698',29,'Female','Married',2,2),('RM699',35,'Female','Married',2,6),('RM700',52,'Male','Married',1,9),('RM701',58,'Male','Single',1,3),('RM702',53,'Male','Divorced',2,9),('RM703',30,'Male','Divorced',2,6),('RM704',38,'Female','Single',2,6),('RM705',35,'Male','Divorced',2,6),('RM706',39,'Male','Single',2,6),('RM707',40,'Female','Single',2,6),('RM708',47,'Male','Divorced',1,5),('RM709',36,'Male','Divorced',2,6),('RM710',31,'Male','Single',1,3),('RM711',33,'Male','Single',2,9),('RM712',29,'Female','Single',1,3),('RM713',33,'Female','Single',1,3),('RM714',45,'Female','Divorced',1,1),('RM715',50,'Male','Divorced',1,8),('RM716',33,'Female','Married',1,7),('RM717',41,'Male','Divorced',1,8),('RM718',27,'Female','Married',1,1),('RM719',45,'Male','Married',1,1),('RM720',47,'Female','Single',2,6),('RM721',30,'Female','Married',1,3),('RM722',50,'Male','Married',1,5),('RM723',38,'Male','Married',1,3),('RM724',46,'Male','Divorced',1,5),('RM725',24,'Female','Divorced',1,5),('RM726',35,'Male','Divorced',1,1),('RM727',31,'Female','Married',1,5),('RM728',18,'Male','Single',1,3),('RM729',54,'Female','Married',1,5),('RM730',35,'Female','Divorced',1,7),('RM731',30,'Female','Married',1,8),('RM732',20,'Female','Single',1,3),('RM733',30,'Female','Single',1,1),('RM734',26,'Male','Married',1,5),('RM735',22,'Male','Married',1,1),('RM736',48,'Male','Single',1,7),('RM737',48,'Male','Single',1,7),('RM738',41,'Female','Single',1,5),('RM739',39,'Female','Married',1,5),('RM740',27,'Female','Married',1,5),('RM741',35,'Male','Divorced',1,1),('RM742',42,'Male','Married',2,9),('RM743',50,'Male','Married',1,1),('RM744',59,'Female','Single',1,5),('RM745',37,'Female','Married',1,7),('RM746',55,'Male','Married',1,7),('RM747',41,'Female','Divorced',1,8),('RM748',38,'Male','Single',2,6),('RM749',26,'Male','Single',2,6),('RM750',52,'Female','Married',2,9),('RM751',44,'Female','Married',2,6),('RM752',50,'Female','Married',2,6),('RM753',36,'Female','Single',1,1),('RM754',39,'Female','Single',1,5),('RM755',33,'Female','Single',2,2),('RM756',45,'Female','Married',2,9),('RM757',32,'Female','Single',1,1),('RM758',34,'Male','Divorced',2,6),('RM759',59,'Male','Married',2,9),('RM760',45,'Male','Single',3,4),('RM761',53,'Female','Married',2,6),('RM762',36,'Male','Divorced',1,1),('RM763',26,'Male','Married',1,3),('RM764',34,'Female','Married',2,2),('RM765',28,'Male','Married',2,2),('RM766',38,'Male','Married',1,3),('RM767',50,'Male','Married',1,8),('RM768',37,'Female','Single',1,7),('RM769',40,'Male','Married',2,6),('RM770',26,'Female','Divorced',1,3),('RM771',46,'Male','Divorced',1,8),('RM772',54,'Female','Married',2,6),('RM773',56,'Female','Married',1,3),('RM774',36,'Female','Single',1,5),('RM775',55,'Male','Single',1,9),('RM776',43,'Male','Divorced',2,6),('RM777',20,'Female','Single',2,2),('RM778',21,'Female','Single',1,1),('RM779',46,'Female','Divorced',1,3),('RM780',51,'Male','Married',1,3),('RM781',28,'Male','Single',1,7),('RM782',26,'Male','Married',1,1),('RM783',30,'Male','Married',1,5),('RM784',41,'Female','Married',1,3),('RM785',38,'Female','Married',1,7),('RM786',40,'Male','Married',1,7),('RM787',27,'Male','Married',1,1),('RM788',55,'Male','Married',1,5),('RM789',28,'Female','Single',1,3),('RM790',44,'Male','Married',3,4),('RM791',33,'Male','Divorced',1,7),('RM792',35,'Male','Single',2,6),('RM793',33,'Female','Single',1,3),('RM794',28,'Male','Divorced',1,1),('RM795',34,'Male','Single',1,7),('RM796',37,'Female','Divorced',2,6),('RM797',25,'Male','Married',1,1),('RM798',26,'Male','Divorced',1,1),('RM799',33,'Male','Single',1,3),('RM800',42,'Male','Married',1,9),('RM801',28,'Male','Divorced',1,1),('RM802',50,'Male','Single',2,6),('RM803',33,'Female','Married',2,6),('RM804',34,'Male','Married',1,3),('RM805',48,'Male','Single',1,9),('RM806',45,'Female','Married',2,6),('RM807',52,'Male','Single',1,7),('RM808',38,'Male','Divorced',2,6),('RM809',29,'Female','Divorced',1,3),('RM810',28,'Female','Divorced',1,5),('RM811',46,'Male','Married',2,9),('RM812',38,'Male','Single',2,6),('RM813',43,'Female','Married',1,5),('RM814',39,'Male','Divorced',1,7),('RM815',40,'Male','Single',1,8),('RM816',21,'Female','Single',1,3),('RM817',39,'Male','Single',1,1),('RM818',36,'Male','Single',1,5),('RM819',31,'Male','Married',2,2),('RM820',28,'Male','Married',1,3),('RM821',35,'Male','Divorced',2,6),('RM822',49,'Male','Married',2,6),('RM823',34,'Male','Single',1,5),('RM824',29,'Female','Divorced',1,3),('RM825',42,'Male','Single',1,1),('RM826',29,'Male','Married',1,5),('RM827',38,'Male','Married',3,4),('RM828',28,'Male','Divorced',1,3),('RM829',18,'Male','Single',1,1),('RM830',33,'Female','Single',2,6),('RM831',41,'Male','Married',1,1),('RM832',31,'Male','Married',1,1),('RM833',37,'Female','Divorced',1,7),('RM834',27,'Male','Married',1,3),('RM835',34,'Female','Married',2,6),('RM836',35,'Male','Single',3,4),('RM837',29,'Female','Married',2,6),('RM838',40,'Female','Single',1,8),('RM839',42,'Male','Single',2,6),('RM840',42,'Male','Single',2,6),('RM841',35,'Male','Married',1,1),('RM842',24,'Male','Single',1,1),('RM843',28,'Female','Married',1,1),('RM844',26,'Male','Married',1,1),('RM845',30,'Male','Married',2,6),('RM846',40,'Female','Married',1,3),('RM847',35,'Male','Divorced',1,5),('RM848',34,'Male','Single',1,7),('RM849',35,'Male','Married',1,1),('RM850',43,'Female','Single',2,6),('RM851',32,'Female','Divorced',2,2),('RM852',56,'Female','Divorced',1,9),('RM853',29,'Female','Married',1,1),('RM854',19,'Male','Single',1,3),('RM855',45,'Female','Married',1,3),('RM856',37,'Female','Married',1,5),('RM857',20,'Male','Single',1,1),('RM858',44,'Male','Single',1,3),('RM859',53,'Female','Divorced',1,9),('RM860',29,'Female','Married',1,3),('RM861',22,'Male','Married',1,3),('RM862',46,'Female','Married',2,9),('RM863',44,'Male','Single',1,3),('RM864',33,'Male','Married',3,4),('RM865',41,'Male','Divorced',1,3),('RM866',30,'Male','Divorced',2,6),('RM867',40,'Male','Married',2,6),('RM868',50,'Female','Married',1,9),('RM869',28,'Male','Married',1,1),('RM870',46,'Male','Married',1,8),('RM871',35,'Male','Married',2,6),('RM872',24,'Female','Married',1,1),('RM873',33,'Female','Married',2,6),('RM874',36,'Male','Divorced',1,1),('RM875',30,'Male','Divorced',1,1),('RM876',44,'Male','Single',1,3),('RM877',20,'Male','Single',2,2),('RM878',46,'Male','Divorced',1,5),('RM879',42,'Male','Married',3,4),('RM880',60,'Male','Divorced',2,6),('RM881',32,'Female','Married',1,1),('RM882',32,'Female','Single',1,3),('RM883',36,'Female','Divorced',1,5),('RM884',33,'Male','Married',1,3),('RM885',40,'Female','Divorced',2,6),('RM886',25,'Male','Single',2,6),('RM887',30,'Male','Married',1,3),('RM888',42,'Female','Married',1,8),('RM889',35,'Female','Married',2,6),('RM890',27,'Male','Married',1,3),('RM891',54,'Female','Divorced',1,5),('RM892',44,'Female','Married',1,3),('RM893',19,'Female','Single',1,3),('RM894',29,'Female','Divorced',1,3),('RM895',54,'Male','Married',1,8),('RM896',31,'Male','Married',1,7),('RM897',31,'Female','Single',1,7),('RM898',59,'Female','Single',2,6),('RM899',43,'Male','Married',1,8),('RM900',49,'Male','Married',1,9),('RM901',36,'Male','Married',1,3),('RM902',48,'Male','Single',1,1),('RM903',27,'Male','Divorced',1,3),('RM904',29,'Male','Divorced',1,7),('RM905',48,'Male','Single',1,8),('RM906',29,'Female','Divorced',1,8),('RM907',34,'Female','Married',1,3),('RM908',44,'Male','Married',2,9),('RM909',33,'Male','Divorced',2,6),('RM910',19,'Female','Single',1,3),('RM911',23,'Male','Married',1,3),('RM912',25,'Male','Single',2,2),('RM913',26,'Male','Single',1,3),('RM914',45,'Female','Single',2,9),('RM915',55,'Male','Divorced',1,7),('RM916',21,'Female','Single',1,1),('RM917',46,'Female','Married',2,9),('RM918',34,'Female','Single',2,6),('RM919',51,'Male','Divorced',2,9),('RM920',59,'Male','Single',1,5),('RM921',34,'Female','Divorced',1,1),('RM922',28,'Male','Single',1,1),('RM923',44,'Male','Divorced',1,9),('RM924',34,'Male','Married',3,4),('RM925',35,'Male','Married',1,3),('RM926',42,'Female','Married',1,3),('RM927',43,'Female','Single',2,6),('RM928',36,'Female','Single',1,5),('RM929',44,'Female','Married',1,7),('RM930',28,'Male','Married',1,1),('RM931',51,'Female','Single',1,1),('RM932',30,'Female','Single',1,5),('RM933',29,'Female','Divorced',1,1),('RM934',28,'Male','Single',1,3),('RM935',25,'Female','Single',1,3),('RM936',32,'Male','Married',2,6),('RM937',45,'Female','Single',1,9),('RM938',39,'Female','Divorced',1,9),('RM939',58,'Male','Divorced',1,3),('RM940',32,'Male','Married',1,1),('RM941',39,'Male','Single',1,3),('RM942',30,'Female','Married',1,1),('RM943',36,'Female','Married',1,7),('RM944',46,'Female','Single',3,4),('RM945',28,'Female','Married',1,1),('RM946',50,'Female','Married',1,8),('RM947',40,'Male','Single',2,6),('RM948',52,'Male','Single',2,6),('RM949',30,'Female','Married',1,9),('RM950',39,'Male','Single',1,5),('RM951',31,'Female','Divorced',2,6),('RM952',41,'Male','Single',2,6),('RM953',31,'Female','Single',2,2),('RM954',44,'Male','Married',1,1),('RM955',42,'Male','Married',1,9),('RM956',55,'Female','Married',1,9),('RM957',56,'Male','Single',3,9),('RM958',40,'Male','Divorced',1,3),('RM959',34,'Male','Divorced',1,7),('RM960',40,'Male','Single',1,3),('RM961',41,'Female','Divorced',2,6),('RM962',35,'Male','Single',1,3),('RM963',51,'Male','Divorced',3,9),('RM964',38,'Female','Divorced',2,6),('RM965',34,'Female','Single',2,6),('RM966',25,'Male','Married',1,1),('RM967',58,'Female','Married',1,5),('RM968',40,'Male','Married',1,1),('RM969',36,'Female','Married',2,6),('RM970',48,'Male','Single',1,5),('RM971',27,'Female','Married',2,2),('RM972',51,'Female','Single',1,5),('RM973',18,'Female','Single',1,1),('RM974',35,'Female','Married',1,1),('RM975',27,'Male','Single',2,6),('RM976',55,'Male','Single',2,6),('RM977',56,'Male','Married',1,5),('RM978',34,'Female','Divorced',1,3),('RM979',40,'Female','Divorced',1,7),('RM980',34,'Male','Married',1,1),('RM981',31,'Female','Single',2,2),('RM982',35,'Female','Married',2,6),('RM983',38,'Male','Divorced',1,3),('RM984',34,'Female','Single',1,7),('RM985',28,'Male','Married',2,6),('RM986',31,'Male','Married',1,5),('RM987',39,'Male','Married',2,6),('RM988',51,'Male','Married',2,6),('RM989',41,'Female','Divorced',1,3),('RM990',37,'Male','Married',1,3),('RM991',33,'Male','Married',2,6),('RM992',32,'Male','Married',2,6),('RM993',39,'Male','Married',1,7),('RM994',25,'Male','Married',2,6),('RM995',52,'Female','Married',1,5),('RM996',43,'Female','Single',1,3),('RM997',27,'Female','Married',2,6),('RM998',27,'Female','Single',1,3),('RM999',26,'Male','Single',1,3);
/*!40000 ALTER TABLE `employee` ENABLE KEYS */;
UNLOCK TABLES;

--
-- Table structure for table `employeeperformance`
--

DROP TABLE IF EXISTS `employeeperformance`;
/*!40101 SET @saved_cs_client     = @@character_set_client */;
/*!50503 SET character_set_client = utf8mb4 */;
CREATE TABLE `employeeperformance` (
  `PerformanceID` int NOT NULL,
  `EmpID` varchar(255) DEFAULT NULL,
  `PerformanceRating` int DEFAULT NULL,
  `EnvironmentSatisfaction` int DEFAULT NULL,
  `JobInvolvement` int DEFAULT NULL,
  `JobSatisfaction` int DEFAULT NULL,
  `RelationshipSatisfaction` int DEFAULT NULL,
  `WorkLifeBalance` int DEFAULT NULL,
  PRIMARY KEY (`PerformanceID`),
  KEY `EmpID` (`EmpID`),
  CONSTRAINT `employeeperformance_ibfk_1` FOREIGN KEY (`EmpID`) REFERENCES `employee` (`EmpID`)
) ENGINE=InnoDB DEFAULT CHARSET=utf8mb4 COLLATE=utf8mb4_0900_ai_ci;
/*!40101 SET character_set_client = @saved_cs_client */;

--
-- Dumping data for table `employeeperformance`
--

LOCK TABLES `employeeperformance` WRITE;
/*!40000 ALTER TABLE `employeeperformance` DISABLE KEYS */;
INSERT INTO `employeeperformance` VALUES (1,'RM297',3,3,3,3,3,3),(2,'RM302',3,4,2,3,1,3),(3,'RM458',3,2,3,2,4,3),(4,'RM728',3,2,3,4,4,3),(5,'RM829',3,3,3,3,4,3),(6,'RM973',3,4,3,4,3,4),(7,'RM1154',3,2,3,4,3,4),(8,'RM1312',3,2,3,3,3,1),(9,'RM128',3,4,3,3,4,2),(10,'RM150',3,2,3,2,4,3),(11,'RM172',4,3,1,1,1,4),(12,'RM178',4,2,2,4,3,2),(13,'RM423',3,1,2,4,3,4),(14,'RM689',3,4,2,2,2,4),(15,'RM854',4,3,3,1,3,3),(16,'RM893',4,1,2,2,2,4),(17,'RM910',3,2,4,4,4,3),(18,'RM103',3,4,2,4,2,3),(19,'RM488',3,4,2,2,4,4),(20,'RM514',3,4,3,3,4,3),(21,'RM663',3,3,2,3,4,2),(22,'RM690',3,1,3,1,2,3),(23,'RM732',3,4,2,1,1,3),(24,'RM777',3,4,3,4,2,3),(25,'RM857',3,1,2,3,1,2),(26,'RM877',3,3,4,4,4,3),(27,'RM1179',3,3,3,3,1,3),(28,'RM1198',3,4,3,1,1,3),(29,'RM024',3,3,3,4,4,3),(30,'RM275',3,4,2,3,1,4),(31,'RM358',3,1,2,2,3,3),(32,'RM363',4,1,3,4,3,2),(33,'RM371',3,3,4,2,4,3),(34,'RM497',3,3,3,3,3,3),(35,'RM664',3,4,3,4,1,2),(36,'RM778',3,3,2,1,1,2),(37,'RM816',3,4,2,2,3,4),(38,'RM916',4,1,2,3,3,1),(39,'RM1153',3,3,3,4,3,3),(40,'RM1272',3,2,3,2,2,3),(41,'RM1437',3,3,3,1,4,3),(42,'RM018',3,4,4,4,2,2),(43,'RM110',3,2,3,4,3,3),(44,'RM129',3,3,3,4,3,3),(45,'RM161',4,3,3,4,1,3),(46,'RM207',3,4,4,2,1,2),(47,'RM384',3,1,3,2,4,3),(48,'RM444',3,3,2,3,3,3),(49,'RM499',4,1,3,3,4,3),(50,'RM631',4,4,2,4,1,1),(51,'RM667',3,2,3,3,1,4),(52,'RM735',3,2,1,1,1,2),(53,'RM861',3,3,2,4,2,3),(54,'RM1138',3,2,2,3,2,2),(55,'RM1274',3,3,3,1,3,3),(56,'RM1340',4,4,3,2,1,3),(57,'RM1424',3,4,3,3,4,4),(58,'RM087',3,3,3,1,3,3),(59,'RM346',3,3,3,4,3,2),(60,'RM517',3,1,4,1,1,4),(61,'RM551',3,2,3,1,4,4),(62,'RM566',3,1,4,3,4,3),(63,'RM586',4,3,4,1,3,3),(64,'RM911',4,4,3,3,4,3),(65,'RM1083',3,1,3,3,2,3),(66,'RM1128',3,4,4,3,4,3),(67,'RM1202',3,4,2,3,1,3),(68,'RM1214',4,3,3,4,2,3),(69,'RM1239',3,3,3,2,3,1),(70,'RM1409',3,4,3,4,3,4),(71,'RM1439',3,4,3,1,1,2),(72,'RM021',3,1,4,3,4,2),(73,'RM035',3,2,3,4,1,2),(74,'RM097',4,1,3,3,1,2),(75,'RM114',3,2,3,3,3,3),(76,'RM381',3,4,3,3,4,4),(77,'RM415',3,1,3,2,2,3),(78,'RM471',3,4,3,4,3,3),(79,'RM475',3,2,4,4,2,3),(80,'RM477',4,4,2,2,4,3),(81,'RM480',3,1,3,3,4,3),(82,'RM526',3,1,3,3,1,3),(83,'RM587',3,3,2,2,3,3),(84,'RM641',3,1,2,4,4,2),(85,'RM725',3,4,2,3,2,3),(86,'RM842',4,4,3,2,4,3),(87,'RM872',3,4,3,2,1,1),(88,'RM1026',3,4,3,3,3,3),(89,'RM1061',3,2,3,1,3,2),(90,'RM1062',3,4,3,2,3,3),(91,'RM1098',3,3,2,1,2,3),(92,'RM1169',3,1,3,4,3,3),(93,'RM1218',3,3,4,3,4,3),(94,'RM1223',3,4,1,3,3,3),(95,'RM1231',3,2,3,1,2,4),(96,'RM1246',3,1,3,4,4,3),(97,'RM1408',3,2,2,3,2,2),(98,'RM108',3,3,2,3,4,3),(99,'RM109',3,4,2,4,3,3),(100,'RM139',3,1,2,3,4,3),(101,'RM256',3,1,3,3,4,3),(102,'RM268',3,2,4,1,4,3),(103,'RM398',3,2,2,4,2,3),(104,'RM406',3,1,3,1,3,3),(105,'RM479',3,2,3,3,3,3),(106,'RM518',4,4,4,2,3,3),(107,'RM564',4,3,3,4,2,2),(108,'RM619',3,1,4,1,3,2),(109,'RM635',3,3,3,1,4,3),(110,'RM639',3,3,2,1,1,4),(111,'RM684',3,3,2,2,3,3),(112,'RM797',3,4,3,4,2,4),(113,'RM886',3,3,3,4,2,3),(114,'RM912',3,3,1,4,4,3),(115,'RM935',3,4,3,2,4,2),(116,'RM966',3,4,3,4,3,2),(117,'RM994',3,1,4,3,2,2),(118,'RM1004',3,1,3,4,2,2),(119,'RM1022',3,1,2,1,1,3),(120,'RM1175',3,4,4,3,3,3),(121,'RM1412',3,3,3,2,3,3),(122,'RM1414',3,4,3,3,3,2),(123,'RM1434',4,1,3,3,2,2),(124,'RM043',3,1,1,3,3,2),(125,'RM055',3,3,2,4,3,2),(126,'RM126',3,3,2,2,3,2),(127,'RM135',4,3,3,3,4,3),(128,'RM279',4,3,3,2,1,1),(129,'RM285',3,1,3,1,3,3),(130,'RM289',3,1,3,2,4,3),(131,'RM294',3,4,2,4,2,3),(132,'RM356',3,3,3,3,2,3),(133,'RM383',4,3,3,1,3,3),(134,'RM419',4,1,3,4,2,1),(135,'RM454',3,2,3,3,2,2),(136,'RM461',3,1,3,3,1,3),(137,'RM464',3,3,1,4,2,1),(138,'RM476',4,1,3,2,4,4),(139,'RM506',3,3,3,4,3,3),(140,'RM572',3,1,1,4,1,3),(141,'RM574',3,4,2,1,3,2),(142,'RM615',3,3,2,3,1,3),(143,'RM686',3,3,2,1,2,3),(144,'RM734',3,4,4,4,2,3),(145,'RM749',3,2,1,1,4,3),(146,'RM763',3,1,3,1,2,3),(147,'RM770',3,1,2,3,3,3),(148,'RM782',3,1,2,1,1,3),(149,'RM798',4,1,3,3,3,2),(150,'RM844',4,1,4,4,2,3),(151,'RM913',4,3,3,4,2,2),(152,'RM999',3,1,2,4,4,3),(153,'RM1005',3,3,4,1,4,3),(154,'RM1119',4,1,3,4,1,3),(155,'RM1207',4,4,3,4,3,3),(156,'RM1225',3,4,1,3,3,4),(157,'RM1298',3,4,3,2,3,3),(158,'RM1310',3,3,3,4,1,3),(159,'RM1350',3,2,2,3,3,2),(160,'RM1362',3,3,4,4,1,3),(161,'RM1387',3,3,3,1,4,2),(162,'RM1465',3,4,2,3,4,3),(163,'RM005',3,1,3,2,4,3),(164,'RM042',3,4,3,1,4,3),(165,'RM044',3,4,3,3,4,3),(166,'RM162',3,4,3,2,4,1),(167,'RM165',3,3,2,3,4,2),(168,'RM171',3,3,3,2,4,2),(169,'RM192',3,4,3,2,4,2),(170,'RM201',3,3,2,1,3,3),(171,'RM213',3,4,3,3,4,3),(172,'RM319',3,3,3,2,2,2),(173,'RM321',3,4,3,3,1,3),(174,'RM332',3,3,3,2,4,3),(175,'RM340',3,2,3,2,1,3),(176,'RM374',3,4,3,2,2,3),(177,'RM486',3,1,2,3,3,2),(178,'RM496',3,3,3,1,2,3),(179,'RM513',3,1,2,4,4,3),(180,'RM522',4,4,4,4,2,3),(181,'RM531',3,3,3,1,4,3),(182,'RM538',4,4,3,1,3,2),(183,'RM555',3,4,2,1,1,1),(184,'RM577',3,3,3,4,2,3),(185,'RM611',3,3,2,4,2,3),(186,'RM616',3,4,3,4,3,2),(187,'RM671',3,2,3,3,3,3),(188,'RM718',3,3,3,2,2,3),(189,'RM740',3,1,3,4,2,3),(190,'RM787',3,1,1,3,4,3),(191,'RM834',3,4,2,3,3,3),(192,'RM890',3,1,3,1,4,2),(193,'RM903',3,1,3,3,2,3),(194,'RM971',3,3,4,4,2,3),(195,'RM975',4,4,1,4,2,3),(196,'RM997',3,4,2,4,4,3),(197,'RM998',3,4,3,3,4,3),(198,'RM1018',3,2,3,1,2,4),(199,'RM1150',3,4,2,1,1,3),(200,'RM1170',3,2,4,3,1,3),(201,'RM1171',3,4,3,4,3,2),(202,'RM1249',3,3,3,4,3,2),(203,'RM1318',3,4,3,4,3,2),(204,'RM1329',4,2,2,3,4,3),(205,'RM1335',3,4,2,1,4,2),(206,'RM1351',3,1,4,3,2,2),(207,'RM1368',3,2,3,2,3,2),(208,'RM1380',3,1,2,2,1,3),(209,'RM1394',3,4,3,4,1,3),(210,'RM1468',4,2,4,2,2,3),(211,'RM015',3,3,2,3,2,3),(212,'RM052',3,3,3,3,3,2),(213,'RM098',3,2,3,3,2,4),(214,'RM163',3,3,3,4,3,1),(215,'RM265',3,1,3,3,3,1),(216,'RM273',4,4,3,4,4,2),(217,'RM290',4,4,3,4,4,3),(218,'RM303',3,2,4,1,3,3),(219,'RM324',3,1,1,4,4,2),(220,'RM375',3,2,3,4,4,3),(221,'RM405',3,3,3,1,4,3),(222,'RM541',3,1,1,2,4,3),(223,'RM599',3,3,3,3,4,2),(224,'RM613',4,2,3,2,1,3),(225,'RM630',3,2,2,4,4,3),(226,'RM660',3,1,3,4,2,3),(227,'RM669',3,3,3,3,2,3),(228,'RM765',4,4,3,2,2,3),(229,'RM781',3,2,2,1,1,2),(230,'RM789',3,3,3,3,4,4),(231,'RM794',3,1,3,3,4,2),(232,'RM801',3,1,2,2,1,3),(233,'RM810',3,4,3,2,2,2),(234,'RM820',3,1,2,2,1,1),(235,'RM828',3,3,2,3,4,3),(236,'RM843',3,3,3,4,4,2),(237,'RM869',3,4,2,1,3,3),(238,'RM922',3,4,3,3,3,2),(239,'RM930',3,4,2,4,2,3),(240,'RM934',3,4,3,1,2,2),(241,'RM945',3,3,1,4,1,3),(242,'RM985',3,3,2,1,3,3),(243,'RM1042',3,4,3,1,4,3),(244,'RM1057',3,1,3,3,4,4),(245,'RM1069',3,3,2,1,3,2),(246,'RM1070',3,1,2,3,4,1),(247,'RM1071',3,3,3,1,4,3),(248,'RM1074',3,3,1,2,2,2),(249,'RM1137',3,3,3,2,3,3),(250,'RM1152',4,2,1,1,2,2),(251,'RM1284',3,3,3,4,3,4),(252,'RM1308',4,3,3,1,3,3),(253,'RM1324',3,3,3,4,2,3),(254,'RM1338',3,2,3,2,4,3),(255,'RM1365',3,3,2,4,3,3),(256,'RM1370',3,4,3,3,4,3),(257,'RM1382',3,3,3,3,3,2),(258,'RM1391',3,3,2,4,1,2),(259,'RM012',3,4,2,3,4,3),(260,'RM016',3,2,4,1,3,3),(261,'RM072',4,3,3,2,4,3),(262,'RM156',3,4,3,3,1,3),(263,'RM206',4,2,3,4,4,2),(264,'RM218',3,3,3,3,4,2),(265,'RM228',3,2,3,4,4,3),(266,'RM230',3,3,2,4,3,2),(267,'RM253',3,3,3,4,1,3),(268,'RM255',3,4,3,4,4,3),(269,'RM266',3,1,2,2,2,3),(270,'RM283',3,2,3,4,1,2),(271,'RM337',3,2,1,1,4,2),(272,'RM338',3,2,2,4,3,3),(273,'RM344',3,4,2,2,1,3),(274,'RM350',3,4,3,3,1,2),(275,'RM372',3,4,3,4,4,3),(276,'RM421',3,2,2,3,3,3),(277,'RM422',3,3,2,2,2,4),(278,'RM455',3,4,3,4,2,4),(279,'RM508',3,2,3,3,1,2),(280,'RM520',3,2,1,4,4,3),(281,'RM547',3,3,3,3,3,3),(282,'RM556',3,4,3,2,4,3),(283,'RM573',3,2,3,3,1,2),(284,'RM590',3,2,2,1,4,3),(285,'RM595',4,3,4,3,3,3),(286,'RM646',3,2,2,3,3,3),(287,'RM658',3,1,2,4,3,3),(288,'RM698',3,3,3,4,2,3),(289,'RM712',4,4,2,1,3,3),(290,'RM809',4,3,3,4,1,3),(291,'RM824',3,4,3,2,4,2),(292,'RM826',3,2,2,4,3,2),(293,'RM837',3,4,2,1,1,1),(294,'RM853',3,2,3,4,1,3),(295,'RM860',3,2,1,4,1,2),(296,'RM894',3,1,3,4,1,3),(297,'RM904',3,3,3,4,2,3),(298,'RM906',3,4,2,4,2,2),(299,'RM933',3,2,3,3,1,3),(300,'RM1006',3,2,2,1,1,2),(301,'RM1008',3,3,3,4,1,3),(302,'RM1058',3,1,3,2,1,1),(303,'RM1064',3,3,2,3,3,3),(304,'RM1073',3,4,3,2,3,3),(305,'RM1078',3,1,2,1,3,1),(306,'RM1091',3,3,1,1,3,3),(307,'RM1105',3,3,4,3,1,2),(308,'RM1123',3,2,3,1,4,3),(309,'RM1126',3,1,3,4,4,4),(310,'RM1173',3,3,2,3,3,3),(311,'RM1189',3,1,2,2,2,2),(312,'RM1220',3,4,3,3,3,3),(313,'RM1250',3,2,1,2,3,3),(314,'RM1251',3,4,4,3,4,4),(315,'RM1259',3,4,2,1,3,3),(316,'RM1314',3,1,2,1,4,3),(317,'RM1319',3,4,3,4,2,4),(318,'RM1325',3,4,1,3,4,3),(319,'RM1330',3,4,2,2,4,3),(320,'RM1333',4,4,2,4,2,2),(321,'RM1344',3,4,3,1,2,3),(322,'RM1366',3,3,4,1,4,3),(323,'RM1388',3,1,3,1,1,2),(324,'RM1443',3,1,3,4,2,4),(325,'RM1460',3,4,2,2,1,3),(326,'RM1461',3,4,2,1,2,1),(327,'RM008',4,4,3,3,2,3),(328,'RM033',3,4,2,3,1,3),(329,'RM045',4,3,3,4,4,3),(330,'RM081',3,4,2,4,3,2),(331,'RM089',3,3,2,4,1,3),(332,'RM093',3,3,2,2,2,2),(333,'RM121',4,1,1,3,3,2),(334,'RM140',3,3,3,4,4,1),(335,'RM144',3,1,3,3,3,2),(336,'RM146',3,4,3,1,4,3),(337,'RM147',3,2,2,4,4,3),(338,'RM168',3,2,3,4,3,3),(339,'RM174',3,3,3,1,3,3),(340,'RM212',4,3,2,3,3,3),(341,'RM215',3,4,3,1,3,3),(342,'RM217',3,3,2,1,3,2),(343,'RM325',3,4,3,4,4,3),(344,'RM339',3,4,2,3,3,3),(345,'RM355',3,4,3,3,2,4),(346,'RM382',3,3,3,2,1,3),(347,'RM386',4,3,3,4,3,3),(348,'RM403',3,2,3,3,2,3),(349,'RM411',4,3,1,4,3,3),(350,'RM420',3,3,3,4,3,1),(351,'RM424',3,3,3,1,3,3),(352,'RM427',3,3,3,4,3,2),(353,'RM438',3,4,3,2,1,3),(354,'RM481',3,2,2,1,3,4),(355,'RM502',4,3,3,3,3,3),(356,'RM546',4,3,3,4,4,2),(357,'RM582',4,4,1,3,3,3),(358,'RM603',4,3,2,4,2,2),(359,'RM624',3,2,2,4,2,2),(360,'RM703',3,3,3,3,1,4),(361,'RM721',3,1,3,3,2,3),(362,'RM731',3,2,4,1,3,2),(363,'RM733',3,2,3,2,1,3),(364,'RM783',3,3,3,1,3,2),(365,'RM845',3,3,2,3,1,3),(366,'RM866',3,3,3,1,3,3),(367,'RM875',3,3,3,3,1,2),(368,'RM887',4,4,3,2,1,3),(369,'RM932',3,3,3,3,3,3),(370,'RM942',3,1,2,4,1,3),(371,'RM949',4,2,3,1,4,3),(372,'RM1014',3,4,3,1,2,3),(373,'RM1050',3,4,3,3,3,2),(374,'RM1053',3,3,3,3,2,2),(375,'RM1065',4,3,3,3,1,4),(376,'RM1107',3,2,2,1,4,3),(377,'RM1110',3,3,3,2,2,3),(378,'RM1142',3,2,2,2,2,2),(379,'RM1234',3,2,3,4,2,2),(380,'RM1245',3,4,2,1,4,3),(381,'RM1247',3,3,2,4,3,2),(382,'RM1252',3,3,2,1,1,3),(383,'RM1260',3,3,4,3,3,3),(384,'RM1297',3,1,3,3,2,3),(385,'RM1339',3,2,3,4,3,2),(386,'RM1413',3,4,3,2,3,2),(387,'RM013',3,1,3,3,4,2),(388,'RM059',4,4,3,4,4,2),(389,'RM073',3,3,3,2,2,3),(390,'RM076',4,3,3,4,4,3),(391,'RM125',3,2,1,3,2,2),(392,'RM133',3,2,1,3,3,3),(393,'RM181',4,3,3,4,3,3),(394,'RM225',3,3,1,3,4,3),(395,'RM246',3,2,3,3,1,3),(396,'RM260',3,3,2,2,2,4),(397,'RM267',4,2,2,4,2,3),(398,'RM293',3,4,3,2,3,2),(399,'RM304',3,2,4,4,2,2),(400,'RM310',3,3,3,4,3,3),(401,'RM311',3,1,2,1,4,3),(402,'RM313',3,3,3,4,2,1),(403,'RM322',3,4,3,4,4,3),(404,'RM326',4,3,2,3,1,3),(405,'RM343',3,3,3,4,3,2),(406,'RM370',3,3,2,2,4,3),(407,'RM395',3,2,3,1,2,1),(408,'RM400',3,4,2,1,3,3),(409,'RM435',4,3,3,2,4,4),(410,'RM440',3,1,3,3,1,3),(411,'RM451',3,2,3,4,3,4),(412,'RM457',4,3,2,4,3,2),(413,'RM483',3,2,3,1,3,1),(414,'RM485',4,1,4,4,4,4),(415,'RM645',3,4,3,4,2,3),(416,'RM676',3,2,2,3,2,4),(417,'RM680',3,4,3,3,4,2),(418,'RM691',3,4,3,4,3,1),(419,'RM710',4,3,2,1,1,3),(420,'RM727',3,3,3,1,3,3),(421,'RM819',3,3,4,4,1,3),(422,'RM832',3,3,3,3,3,2),(423,'RM896',3,3,3,1,4,2),(424,'RM897',3,3,2,1,2,3),(425,'RM951',3,4,3,3,1,2),(426,'RM953',3,4,3,2,1,4),(427,'RM981',3,3,2,4,3,4),(428,'RM986',3,4,3,3,4,2),(429,'RM1013',3,2,1,3,2,3),(430,'RM1015',3,1,3,2,3,4),(431,'RM1017',3,1,2,2,3,4),(432,'RM1031',3,1,3,4,1,3),(433,'RM1034',3,3,4,2,1,3),(434,'RM1036',3,4,4,2,4,3),(435,'RM1037',3,2,3,4,3,1),(436,'RM1086',3,4,3,3,1,1),(437,'RM1145',3,4,3,1,4,3),(438,'RM1192',3,1,3,4,1,3),(439,'RM1228',3,2,3,3,4,4),(440,'RM1240',4,4,3,4,4,2),(441,'RM1248',3,1,3,3,3,3),(442,'RM1258',3,1,3,3,1,3),(443,'RM1275',3,1,2,4,1,3),(444,'RM1307',3,1,3,1,4,3),(445,'RM1313',3,4,4,1,3,3),(446,'RM1342',3,2,3,3,1,3),(447,'RM1359',3,3,3,4,4,3),(448,'RM1361',3,1,4,3,2,2),(449,'RM1383',3,3,3,1,4,4),(450,'RM1390',4,4,1,1,2,3),(451,'RM1396',3,1,3,4,3,3),(452,'RM1403',3,4,1,4,3,3),(453,'RM1406',4,3,3,3,3,4),(454,'RM1418',3,1,3,3,3,3),(455,'RM1464',3,2,3,1,2,3),(456,'RM006',3,4,3,4,3,2),(457,'RM017',3,1,4,2,4,2),(458,'RM027',4,2,1,1,2,3),(459,'RM061',4,1,3,4,2,3),(460,'RM074',3,2,3,2,2,3),(461,'RM095',3,2,3,3,1,3),(462,'RM102',3,4,3,1,4,3),(463,'RM141',4,1,3,1,1,4),(464,'RM145',3,4,1,4,4,4),(465,'RM155',3,2,3,4,4,3),(466,'RM170',4,3,3,3,1,3),(467,'RM211',3,4,1,4,3,2),(468,'RM239',3,3,3,2,1,3),(469,'RM240',3,4,2,3,4,1),(470,'RM242',3,3,3,4,1,3),(471,'RM261',4,2,4,2,3,1),(472,'RM263',3,4,2,1,4,3),(473,'RM307',3,4,2,3,3,2),(474,'RM320',3,3,2,2,4,3),(475,'RM323',3,1,4,4,3,2),(476,'RM352',3,3,3,2,3,3),(477,'RM470',3,4,4,3,4,3),(478,'RM501',3,1,3,4,4,2),(479,'RM528',3,4,3,4,4,2),(480,'RM532',3,3,3,4,4,3),(481,'RM559',3,1,3,4,4,3),(482,'RM601',3,3,2,3,3,3),(483,'RM623',3,2,3,4,3,2),(484,'RM627',3,3,4,3,3,2),(485,'RM638',3,4,3,4,2,3),(486,'RM642',3,2,3,2,4,3),(487,'RM657',4,1,3,4,3,1),(488,'RM683',4,3,2,2,3,3),(489,'RM693',3,3,3,1,3,4),(490,'RM757',3,4,3,3,2,3),(491,'RM851',3,3,3,1,3,3),(492,'RM881',4,3,2,2,3,3),(493,'RM882',3,4,3,3,4,3),(494,'RM936',3,3,4,4,3,4),(495,'RM940',3,4,3,3,1,3),(496,'RM992',3,3,3,2,1,2),(497,'RM1027',3,4,3,4,3,2),(498,'RM1076',4,3,3,4,2,4),(499,'RM1102',3,4,2,2,1,3),(500,'RM1114',3,4,3,1,2,2),(501,'RM1140',3,2,4,4,4,3),(502,'RM1191',3,4,3,2,3,2),(503,'RM1206',3,4,3,2,1,3),(504,'RM1227',3,1,3,3,1,2),(505,'RM1238',3,1,1,2,2,3),(506,'RM1242',3,4,1,3,3,1),(507,'RM1261',3,2,3,2,2,3),(508,'RM1320',3,4,3,4,3,4),(509,'RM1327',3,3,2,2,3,2),(510,'RM1376',3,1,4,3,1,3),(511,'RM1389',3,3,3,4,2,3),(512,'RM1395',4,4,2,4,2,3),(513,'RM1427',3,3,2,2,3,3),(514,'RM1429',3,2,2,2,2,3),(515,'RM1432',3,3,3,4,3,3),(516,'RM1450',3,4,3,1,4,3),(517,'RM004',3,4,3,3,3,3),(518,'RM031',3,3,3,4,4,3),(519,'RM040',3,3,4,1,1,3),(520,'RM056',3,1,3,4,3,3),(521,'RM122',3,3,3,2,1,4),(522,'RM177',3,3,3,4,1,4),(523,'RM186',3,4,3,2,4,3),(524,'RM222',4,3,2,2,4,3),(525,'RM235',3,3,3,4,3,1),(526,'RM237',4,1,3,1,1,4),(527,'RM247',3,3,2,4,3,2),(528,'RM314',3,4,3,2,2,3),(529,'RM329',3,2,2,4,3,2),(530,'RM364',3,4,3,3,2,3),(531,'RM436',3,2,3,3,4,4),(532,'RM437',3,1,1,4,1,3),(533,'RM456',3,1,4,3,3,3),(534,'RM500',3,3,3,3,4,3),(535,'RM510',4,3,3,4,3,1),(536,'RM515',3,1,3,1,1,3),(537,'RM563',3,4,3,4,3,2),(538,'RM591',3,3,3,3,4,4),(539,'RM592',3,1,3,1,3,3),(540,'RM620',4,1,4,1,1,3),(541,'RM656',3,4,3,2,3,4),(542,'RM674',3,3,2,1,2,3),(543,'RM695',3,2,2,4,1,3),(544,'RM711',3,4,3,3,4,3),(545,'RM713',3,2,3,4,1,3),(546,'RM716',3,3,4,2,1,3),(547,'RM755',3,2,2,4,4,2),(548,'RM791',3,4,2,4,3,3),(549,'RM793',4,1,2,3,2,3),(550,'RM799',4,1,2,2,2,3),(551,'RM803',3,4,3,2,3,3),(552,'RM830',3,1,3,1,1,3),(553,'RM864',3,2,3,3,4,3),(554,'RM873',3,2,3,3,1,2),(555,'RM884',3,1,3,4,2,3),(556,'RM909',3,4,4,3,4,3),(557,'RM991',3,2,3,4,1,4),(558,'RM1048',3,4,3,1,1,3),(559,'RM1067',3,1,2,2,4,3),(560,'RM1075',3,4,3,3,1,3),(561,'RM1092',3,4,2,2,4,3),(562,'RM1096',3,2,3,3,2,3),(563,'RM1106',3,1,3,1,4,1),(564,'RM1190',3,4,3,4,3,3),(565,'RM1199',4,3,3,4,3,3),(566,'RM1211',3,2,4,2,4,3),(567,'RM1254',3,4,3,2,4,2),(568,'RM1256',4,1,3,1,3,2),(569,'RM1266',3,4,3,2,4,2),(570,'RM1283',3,4,4,1,2,3),(571,'RM1364',3,2,3,3,2,2),(572,'RM1399',4,4,3,3,3,3),(573,'RM1416',3,2,2,3,3,2),(574,'RM1426',3,2,3,4,1,3),(575,'RM014',3,2,3,4,3,3),(576,'RM023',3,1,3,2,3,3),(577,'RM025',3,2,3,1,3,3),(578,'RM047',4,2,3,3,3,3),(579,'RM085',3,1,3,2,3,3),(580,'RM104',3,1,3,3,3,3),(581,'RM112',4,1,1,3,4,3),(582,'RM115',3,3,2,2,3,3),(583,'RM117',3,3,2,1,4,3),(584,'RM160',3,3,3,3,4,3),(585,'RM182',3,4,3,2,4,3),(586,'RM189',3,4,2,3,3,2),(587,'RM203',3,4,3,3,4,4),(588,'RM248',3,4,2,1,2,3),(589,'RM379',3,1,4,4,2,2),(590,'RM394',3,3,3,3,1,3),(591,'RM416',3,4,1,3,4,2),(592,'RM433',3,4,2,3,3,3),(593,'RM441',3,2,3,1,3,3),(594,'RM463',3,4,4,4,4,3),(595,'RM482',3,2,2,4,4,3),(596,'RM495',3,3,3,3,4,3),(597,'RM504',3,2,3,4,4,2),(598,'RM525',3,4,2,2,2,4),(599,'RM550',3,2,3,3,4,3),(600,'RM561',3,2,3,1,3,3),(601,'RM568',4,4,3,4,3,3),(602,'RM575',3,2,4,4,3,3),(603,'RM580',3,3,2,1,3,3),(604,'RM584',3,3,3,1,2,3),(605,'RM607',3,3,2,4,3,3),(606,'RM614',3,3,3,4,3,1),(607,'RM672',3,2,3,2,2,3),(608,'RM758',3,2,4,4,4,2),(609,'RM764',3,3,3,3,4,3),(610,'RM795',3,1,3,4,3,2),(611,'RM804',3,3,2,4,4,3),(612,'RM823',3,4,3,3,4,2),(613,'RM835',4,2,3,3,1,2),(614,'RM848',4,4,2,1,3,3),(615,'RM907',3,3,4,3,4,2),(616,'RM918',3,3,3,1,4,3),(617,'RM921',3,3,3,2,3,4),(618,'RM924',3,3,2,2,4,4),(619,'RM959',3,4,3,4,4,2),(620,'RM965',3,3,3,1,4,4),(621,'RM978',4,1,2,3,3,3),(622,'RM980',3,2,3,3,1,3),(623,'RM984',3,3,3,4,4,4),(624,'RM1016',3,4,3,1,3,3),(625,'RM1028',3,4,2,2,1,2),(626,'RM1040',3,1,3,3,4,3),(627,'RM1049',3,4,1,1,4,3),(628,'RM1056',3,2,3,1,4,2),(629,'RM1059',4,1,2,2,3,4),(630,'RM1085',3,4,2,3,4,3),(631,'RM1088',4,2,3,3,2,3),(632,'RM1116',3,1,3,4,3,1),(633,'RM1118',3,2,3,4,2,2),(634,'RM1132',3,4,2,3,2,2),(635,'RM1147',3,3,4,4,1,3),(636,'RM1180',3,4,3,2,3,3),(637,'RM1209',3,2,2,4,3,4),(638,'RM1213',3,2,2,4,2,3),(639,'RM1253',3,4,4,4,1,3),(640,'RM1268',3,4,3,3,3,3),(641,'RM1271',3,4,1,4,1,3),(642,'RM1291',3,4,3,1,3,2),(643,'RM1301',4,2,4,3,3,3),(644,'RM1343',3,3,3,4,4,3),(645,'RM1354',4,4,1,1,2,3),(646,'RM1360',3,4,2,4,3,2),(647,'RM1369',3,3,2,4,2,3),(648,'RM1385',4,1,3,4,1,2),(649,'RM1386',3,4,3,3,3,2),(650,'RM1447',4,4,2,3,4,3),(651,'RM1470',3,2,4,3,1,4),(652,'RM011',3,1,4,2,3,3),(653,'RM038',3,4,3,4,1,3),(654,'RM041',3,3,3,4,3,3),(655,'RM050',3,4,4,4,4,3),(656,'RM054',3,3,2,1,3,3),(657,'RM057',4,2,3,1,4,2),(658,'RM058',3,3,3,1,3,3),(659,'RM069',3,2,3,1,4,2),(660,'RM077',3,3,2,1,2,3),(661,'RM082',3,2,2,3,1,3),(662,'RM152',3,3,3,2,1,3),(663,'RM193',3,2,2,3,1,3),(664,'RM197',3,2,3,2,4,3),(665,'RM229',3,3,3,3,1,4),(666,'RM277',3,2,4,2,2,2),(667,'RM298',3,3,3,2,3,2),(668,'RM345',3,3,3,2,4,3),(669,'RM373',3,3,2,2,3,3),(670,'RM431',3,4,1,3,3,3),(671,'RM439',3,4,3,3,3,3),(672,'RM448',3,2,3,3,3,3),(673,'RM462',3,1,3,3,4,3),(674,'RM484',3,1,2,4,4,3),(675,'RM509',3,2,1,4,2,3),(676,'RM516',3,3,2,3,3,3),(677,'RM558',3,4,3,1,1,4),(678,'RM581',3,1,3,4,2,2),(679,'RM597',3,4,4,3,3,3),(680,'RM612',4,3,3,3,2,4),(681,'RM621',3,3,2,1,4,2),(682,'RM636',4,4,2,3,2,3),(683,'RM637',3,4,3,2,1,2),(684,'RM648',3,4,2,2,1,3),(685,'RM677',4,4,3,4,4,1),(686,'RM699',3,3,3,3,2,3),(687,'RM705',3,4,3,4,2,3),(688,'RM726',4,3,2,2,4,1),(689,'RM730',3,3,3,3,3,2),(690,'RM741',4,2,3,4,1,2),(691,'RM792',4,4,3,1,1,3),(692,'RM821',3,4,3,4,4,3),(693,'RM836',3,3,3,3,2,1),(694,'RM841',3,4,2,3,2,3),(695,'RM847',3,3,2,2,2,4),(696,'RM849',3,4,2,4,2,4),(697,'RM871',3,3,3,1,4,3),(698,'RM889',3,3,2,4,2,2),(699,'RM925',3,3,3,3,4,3),(700,'RM962',3,3,3,3,2,3),(701,'RM974',3,4,2,4,2,3),(702,'RM982',3,4,3,3,3,2),(703,'RM1003',3,3,3,4,3,3),(704,'RM1060',3,4,3,3,1,3),(705,'RM1082',3,4,2,2,4,1),(706,'RM1101',4,2,2,3,1,3),(707,'RM1109',3,4,2,1,2,3),(708,'RM1111',3,1,3,1,4,3),(709,'RM1124',3,1,3,3,3,3),(710,'RM1131',3,2,4,3,4,2),(711,'RM1135',3,3,2,4,4,2),(712,'RM1151',3,2,4,1,4,3),(713,'RM1158',3,3,3,3,4,3),(714,'RM1163',3,4,2,1,3,3),(715,'RM1168',3,1,1,4,4,2),(716,'RM1187',4,4,3,4,1,4),(717,'RM1216',3,1,2,4,3,4),(718,'RM1233',3,4,3,3,2,3),(719,'RM1282',3,3,3,4,4,3),(720,'RM1289',3,2,3,4,3,3),(721,'RM1303',3,2,1,3,2,4),(722,'RM1346',3,4,2,2,4,3),(723,'RM1381',3,2,3,1,4,1),(724,'RM1393',3,3,3,4,4,3),(725,'RM1423',3,4,3,3,3,3),(726,'RM1425',3,2,3,3,2,3),(727,'RM1451',3,3,3,4,3,3),(728,'RM1457',3,3,3,3,4,4),(729,'RM1459',3,3,1,4,4,3),(730,'RM010',3,3,3,3,2,2),(731,'RM022',4,3,2,1,2,3),(732,'RM039',3,2,2,1,4,4),(733,'RM065',3,3,3,3,2,3),(734,'RM067',3,2,2,2,3,3),(735,'RM070',3,4,2,3,1,2),(736,'RM075',3,2,4,4,2,3),(737,'RM118',3,2,3,4,3,3),(738,'RM119',4,1,3,4,1,3),(739,'RM136',4,2,3,2,4,3),(740,'RM173',3,4,3,2,3,2),(741,'RM208',3,2,3,4,1,3),(742,'RM221',3,4,3,2,4,4),(743,'RM270',3,4,3,4,3,3),(744,'RM292',3,3,3,2,4,3),(745,'RM299',3,3,4,4,4,3),(746,'RM306',3,2,3,2,3,3),(747,'RM359',3,4,3,4,2,3),(748,'RM360',3,1,2,4,1,3),(749,'RM378',3,4,3,3,2,3),(750,'RM385',3,2,2,3,2,3),(751,'RM443',3,2,3,4,4,2),(752,'RM512',3,2,2,2,3,3),(753,'RM542',3,1,4,1,1,3),(754,'RM570',3,1,2,1,2,3),(755,'RM594',3,3,3,2,1,3),(756,'RM600',3,3,3,2,2,3),(757,'RM622',3,2,3,4,4,2),(758,'RM634',4,1,2,1,3,3),(759,'RM665',3,3,3,4,1,2),(760,'RM681',3,2,3,4,3,3),(761,'RM688',4,3,3,3,3,3),(762,'RM694',3,3,2,4,1,3),(763,'RM709',3,1,3,4,4,3),(764,'RM753',3,3,4,1,3,3),(765,'RM762',3,1,3,3,2,2),(766,'RM774',3,4,2,4,2,2),(767,'RM818',4,1,3,4,1,3),(768,'RM874',3,3,1,3,3,3),(769,'RM883',4,3,1,1,3,3),(770,'RM901',3,3,3,2,3,2),(771,'RM928',3,3,3,2,4,3),(772,'RM943',3,4,3,3,1,3),(773,'RM969',3,1,4,1,4,2),(774,'RM1012',3,1,3,2,4,3),(775,'RM1019',3,1,2,4,3,2),(776,'RM1020',3,3,2,1,1,2),(777,'RM1103',4,3,3,4,4,2),(778,'RM1122',3,2,3,3,1,3),(779,'RM1129',3,1,4,1,4,3),(780,'RM1146',3,3,3,3,2,3),(781,'RM1174',3,2,3,1,3,3),(782,'RM1181',3,1,3,2,3,3),(783,'RM1183',3,4,2,3,3,3),(784,'RM1184',4,4,4,1,1,3),(785,'RM1200',3,1,3,3,2,2),(786,'RM1221',3,3,3,4,3,2),(787,'RM1237',3,2,2,1,2,3),(788,'RM1279',3,4,3,1,4,3),(789,'RM1316',4,4,3,2,4,3),(790,'RM1341',3,2,2,3,1,3),(791,'RM1348',4,2,2,4,4,2),(792,'RM1356',3,3,2,2,3,1),(793,'RM1384',4,1,4,2,2,3),(794,'RM1440',3,1,2,4,3,3),(795,'RM1441',3,4,3,2,2,3),(796,'RM1448',4,4,1,4,1,2),(797,'RM1454',3,2,2,4,1,2),(798,'RM1466',3,3,4,4,3,3),(799,'RM003',3,4,2,3,2,3),(800,'RM048',4,2,3,2,1,3),(801,'RM060',3,1,2,3,3,4),(802,'RM079',3,1,3,3,1,4),(803,'RM101',4,3,3,1,4,3),(804,'RM105',3,3,2,4,4,4),(805,'RM116',3,3,3,4,1,3),(806,'RM196',3,2,4,1,1,2),(807,'RM223',3,2,3,4,3,3),(808,'RM227',3,1,3,4,3,3),(809,'RM249',3,3,2,1,1,2),(810,'RM251',3,1,3,3,2,3),(811,'RM274',3,3,3,4,2,4),(812,'RM276',3,1,3,4,1,3),(813,'RM286',3,4,3,4,2,3),(814,'RM295',3,2,3,4,3,2),(815,'RM341',3,4,3,4,3,2),(816,'RM354',3,3,4,1,1,3),(817,'RM365',4,3,3,1,2,3),(818,'RM387',3,4,3,1,3,2),(819,'RM390',3,3,3,2,4,2),(820,'RM399',3,2,3,3,1,3),(821,'RM465',3,2,3,4,4,4),(822,'RM468',3,1,3,2,4,3),(823,'RM473',3,2,3,2,2,2),(824,'RM487',3,4,3,3,3,2),(825,'RM507',3,3,3,3,3,3),(826,'RM523',3,4,4,4,1,3),(827,'RM578',3,4,3,1,2,2),(828,'RM629',3,4,2,3,4,3),(829,'RM649',3,3,3,4,2,3),(830,'RM653',3,1,3,2,4,3),(831,'RM696',3,1,2,3,3,1),(832,'RM745',3,1,1,2,1,1),(833,'RM768',3,4,3,2,1,2),(834,'RM796',3,4,2,4,3,3),(835,'RM833',3,3,2,4,3,3),(836,'RM856',3,4,2,4,2,2),(837,'RM990',3,3,3,3,4,3),(838,'RM1002',3,1,3,3,1,3),(839,'RM1023',3,3,4,3,1,1),(840,'RM1090',3,1,3,4,1,3),(841,'RM1159',3,3,3,3,1,2),(842,'RM1164',3,2,3,2,1,1),(843,'RM1212',3,3,1,4,3,2),(844,'RM1277',3,2,2,2,1,3),(845,'RM1281',3,3,3,2,3,2),(846,'RM1292',3,4,3,1,2,1),(847,'RM1345',4,4,3,1,3,3),(848,'RM1433',4,3,4,4,1,3),(849,'RM009',4,4,2,3,2,3),(850,'RM020',3,4,3,4,3,3),(851,'RM062',3,4,3,4,4,3),(852,'RM084',3,2,1,4,4,3),(853,'RM143',4,4,3,3,2,3),(854,'RM169',4,1,2,4,3,4),(855,'RM180',3,3,3,4,3,3),(856,'RM199',3,4,3,3,2,3),(857,'RM200',3,4,3,4,1,1),(858,'RM205',3,2,3,1,2,3),(859,'RM224',3,1,3,3,3,2),(860,'RM262',3,4,2,4,4,3),(861,'RM278',4,1,4,1,3,3),(862,'RM288',3,4,3,4,2,3),(863,'RM308',3,1,2,2,3,3),(864,'RM342',3,3,2,4,2,3),(865,'RM417',4,4,3,4,3,3),(866,'RM472',3,3,3,3,3,3),(867,'RM491',3,3,3,1,4,2),(868,'RM519',4,4,2,4,1,3),(869,'RM530',3,2,4,4,3,2),(870,'RM543',3,3,3,3,4,4),(871,'RM560',3,4,3,3,2,1),(872,'RM579',3,1,4,1,4,3),(873,'RM606',3,1,2,1,3,2),(874,'RM643',3,2,2,2,4,3),(875,'RM682',3,4,3,1,2,3),(876,'RM704',3,3,3,4,2,3),(877,'RM723',3,3,3,3,2,2),(878,'RM748',3,2,3,4,3,3),(879,'RM766',3,3,3,3,1,3),(880,'RM785',3,3,2,3,1,2),(881,'RM808',3,3,2,3,2,3),(882,'RM812',3,4,3,2,3,3),(883,'RM827',3,3,4,3,4,4),(884,'RM964',3,2,3,1,4,3),(885,'RM983',3,4,4,3,4,3),(886,'RM1108',3,3,3,3,3,3),(887,'RM1113',3,3,3,2,1,3),(888,'RM1120',3,3,3,2,4,3),(889,'RM1121',3,2,3,2,2,4),(890,'RM1162',3,4,2,3,4,4),(891,'RM1188',3,4,3,4,4,4),(892,'RM1194',4,4,2,2,2,3),(893,'RM1203',3,4,3,3,4,2),(894,'RM1257',3,3,2,2,2,2),(895,'RM1262',3,2,1,4,3,3),(896,'RM1273',3,4,2,3,2,3),(897,'RM1290',3,1,3,2,4,3),(898,'RM1309',4,2,1,4,1,2),(899,'RM1374',3,4,2,2,3,3),(900,'RM1377',3,2,3,4,4,4),(901,'RM1392',3,1,2,1,1,2),(902,'RM1401',3,4,3,2,2,3),(903,'RM1417',3,4,3,2,1,3),(904,'RM1419',3,1,2,3,4,3),(905,'RM1431',3,2,1,3,1,3),(906,'RM1452',3,1,3,4,3,3),(907,'RM034',3,4,3,4,3,4),(908,'RM138',3,4,2,3,3,4),(909,'RM241',3,3,3,3,3,3),(910,'RM252',4,3,3,3,4,3),(911,'RM305',3,3,4,4,1,2),(912,'RM315',3,3,3,1,4,3),(913,'RM327',3,3,2,4,1,3),(914,'RM328',3,4,3,3,1,2),(915,'RM401',3,2,3,3,3,3),(916,'RM450',3,3,3,3,1,3),(917,'RM527',3,4,2,3,1,3),(918,'RM552',3,3,4,2,3,1),(919,'RM655',3,4,2,4,3,3),(920,'RM670',4,4,3,1,4,1),(921,'RM706',3,1,4,3,4,3),(922,'RM739',3,4,2,4,3,3),(923,'RM754',3,4,3,1,3,3),(924,'RM814',3,1,3,4,4,3),(925,'RM817',3,3,3,2,3,2),(926,'RM938',3,3,2,2,4,3),(927,'RM941',3,3,3,1,1,3),(928,'RM950',3,1,3,3,1,3),(929,'RM987',3,1,2,4,4,4),(930,'RM993',4,3,3,3,2,3),(931,'RM1033',4,1,2,1,2,4),(932,'RM1080',3,2,3,2,4,3),(933,'RM1125',3,4,4,3,1,3),(934,'RM1149',3,2,3,1,4,3),(935,'RM1156',3,3,2,3,4,3),(936,'RM1160',3,1,3,3,4,1),(937,'RM1176',4,4,3,2,3,3),(938,'RM1241',3,4,3,4,4,3),(939,'RM1285',4,3,3,3,3,3),(940,'RM1293',3,3,3,4,4,3),(941,'RM1336',3,4,3,4,2,3),(942,'RM1367',3,1,1,3,3,3),(943,'RM1373',4,1,3,1,4,3),(944,'RM1404',3,2,3,1,1,3),(945,'RM1430',3,1,3,4,1,3),(946,'RM1438',3,4,3,4,3,2),(947,'RM1463',3,2,2,4,1,2),(948,'RM1467',3,4,2,1,1,3),(949,'RM091',4,3,2,2,4,2),(950,'RM151',3,2,3,2,1,3),(951,'RM159',3,3,2,4,1,2),(952,'RM187',3,4,3,3,2,3),(953,'RM204',3,3,3,4,3,4),(954,'RM209',3,4,2,4,4,1),(955,'RM244',3,1,3,4,1,3),(956,'RM258',3,1,3,3,4,3),(957,'RM336',4,2,1,4,3,2),(958,'RM362',3,4,4,3,3,3),(959,'RM369',3,3,2,3,1,3),(960,'RM388',3,4,3,2,3,3),(961,'RM392',4,2,2,3,2,3),(962,'RM418',3,3,3,3,4,3),(963,'RM449',3,2,3,3,3,3),(964,'RM459',3,3,1,1,3,3),(965,'RM534',4,4,2,1,3,3),(966,'RM554',4,4,2,4,4,2),(967,'RM583',4,3,4,2,4,3),(968,'RM602',3,1,2,3,4,3),(969,'RM685',3,1,2,2,2,2),(970,'RM692',3,4,3,2,4,3),(971,'RM707',3,2,4,2,4,2),(972,'RM769',3,3,3,1,2,2),(973,'RM786',4,1,3,4,4,3),(974,'RM815',3,3,2,3,1,4),(975,'RM838',3,2,3,3,3,2),(976,'RM846',3,3,2,4,4,1),(977,'RM867',3,2,3,2,4,3),(978,'RM885',3,2,2,2,2,4),(979,'RM947',3,4,2,2,3,3),(980,'RM958',3,3,3,3,2,3),(981,'RM960',3,3,3,4,3,3),(982,'RM968',4,2,3,2,3,3),(983,'RM979',4,2,4,3,2,3),(984,'RM1030',3,3,3,3,3,4),(985,'RM1041',3,4,2,2,3,3),(986,'RM1046',3,3,3,3,3,4),(987,'RM1084',3,4,3,1,2,1),(988,'RM1095',3,1,3,1,4,4),(989,'RM1097',4,3,3,4,4,3),(990,'RM1099',3,4,3,4,3,3),(991,'RM1133',3,4,3,1,3,3),(992,'RM1157',3,1,2,3,4,3),(993,'RM1165',3,3,3,4,4,2),(994,'RM1172',3,1,3,1,2,1),(995,'RM1230',3,2,3,1,2,3),(996,'RM1243',3,2,3,2,2,2),(997,'RM1287',3,3,3,1,4,2),(998,'RM1300',3,3,3,4,4,3),(999,'RM1305',3,2,3,1,2,3),(1000,'RM1349',3,1,3,1,1,3),(1001,'RM1410',3,4,3,3,1,4),(1002,'RM1411',3,2,3,2,3,3),(1003,'RM1428',3,1,3,4,3,2),(1004,'RM1456',3,3,2,3,4,3),(1005,'RM1458',3,3,3,3,2,3),(1006,'RM001',3,2,3,4,1,1),(1007,'RM046',3,2,3,3,4,3),(1008,'RM134',3,3,3,3,3,3),(1009,'RM148',3,4,2,1,2,2),(1010,'RM149',4,3,3,1,4,3),(1011,'RM167',3,1,3,3,1,3),(1012,'RM183',4,2,3,2,4,2),(1013,'RM216',3,4,3,4,3,3),(1014,'RM243',3,3,3,1,1,2),(1015,'RM301',3,4,3,2,2,3),(1016,'RM347',3,4,2,2,4,3),(1017,'RM367',3,1,3,2,3,3),(1018,'RM404',3,2,4,1,3,3),(1019,'RM447',3,4,3,4,4,3),(1020,'RM460',3,1,2,3,1,3),(1021,'RM467',3,2,3,1,2,3),(1022,'RM536',3,2,2,4,2,2),(1023,'RM539',3,4,2,3,2,3),(1024,'RM668',3,2,1,4,3,2),(1025,'RM687',3,4,3,1,3,3),(1026,'RM717',3,1,3,3,2,4),(1027,'RM738',3,4,3,3,2,3),(1028,'RM747',4,2,1,3,2,3),(1029,'RM784',3,2,4,3,3,3),(1030,'RM831',3,2,3,4,1,3),(1031,'RM865',3,1,2,1,1,1),(1032,'RM952',3,3,1,2,1,3),(1033,'RM961',3,3,3,1,4,3),(1034,'RM989',3,4,3,4,1,2),(1035,'RM1029',3,2,4,3,1,2),(1036,'RM1197',3,4,3,3,4,3),(1037,'RM1219',3,4,3,3,2,3),(1038,'RM1229',3,3,1,2,2,3),(1039,'RM1267',4,3,3,1,2,3),(1040,'RM1295',3,2,4,2,1,1),(1041,'RM1296',3,3,3,3,4,4),(1042,'RM1357',4,3,3,2,3,3),(1043,'RM1421',4,4,3,4,1,3),(1044,'RM1446',4,1,2,2,3,3),(1045,'RM1449',3,3,2,2,3,3),(1046,'RM028',3,3,3,2,4,3),(1047,'RM198',3,3,3,3,2,3),(1048,'RM232',3,3,3,4,4,3),(1049,'RM254',3,4,4,1,3,3),(1050,'RM257',3,4,2,1,3,3),(1051,'RM282',4,2,3,3,3,3),(1052,'RM296',3,3,3,2,4,4),(1053,'RM349',3,1,3,4,2,3),(1054,'RM351',3,3,3,3,3,3),(1055,'RM357',4,1,2,4,2,3),(1056,'RM389',3,2,3,1,2,3),(1057,'RM410',3,1,3,3,2,3),(1058,'RM414',3,4,2,4,4,4),(1059,'RM442',3,2,3,3,4,3),(1060,'RM452',4,4,3,1,4,2),(1061,'RM489',3,3,3,4,2,3),(1062,'RM548',3,3,4,3,4,3),(1063,'RM585',3,2,3,4,2,2),(1064,'RM598',3,4,2,4,4,3),(1065,'RM605',3,2,3,2,4,2),(1066,'RM633',3,2,3,4,4,3),(1067,'RM644',3,3,4,4,2,2),(1068,'RM673',3,3,2,3,1,3),(1069,'RM742',3,4,3,3,2,4),(1070,'RM800',3,4,3,1,4,3),(1071,'RM825',3,2,1,4,1,3),(1072,'RM839',3,3,3,1,2,2),(1073,'RM840',3,2,3,1,4,4),(1074,'RM879',3,4,4,1,1,4),(1075,'RM888',3,1,3,1,3,3),(1076,'RM926',3,2,4,2,4,3),(1077,'RM955',3,3,3,3,4,2),(1078,'RM1000',3,3,3,1,3,3),(1079,'RM1051',3,1,3,4,3,3),(1080,'RM1089',3,3,2,2,2,3),(1081,'RM1094',3,4,3,4,3,1),(1082,'RM1130',4,4,2,4,4,3),(1083,'RM1264',4,2,3,2,2,2),(1084,'RM1288',3,2,4,1,3,2),(1085,'RM1321',4,3,3,3,2,2),(1086,'RM1326',3,4,3,3,4,3),(1087,'RM1358',3,3,3,1,2,4),(1088,'RM1379',3,2,3,4,3,3),(1089,'RM1405',3,4,2,3,4,3),(1090,'RM1420',3,4,3,1,3,2),(1091,'RM1444',3,1,3,3,1,2),(1092,'RM036',3,4,4,3,4,2),(1093,'RM120',3,3,3,4,4,4),(1094,'RM131',3,2,4,3,4,3),(1095,'RM194',3,4,4,4,4,4),(1096,'RM236',4,4,3,4,3,3),(1097,'RM316',3,3,3,4,1,3),(1098,'RM331',3,3,2,3,2,4),(1099,'RM334',3,3,3,1,1,2),(1100,'RM391',3,1,2,2,3,3),(1101,'RM396',4,4,3,4,1,3),(1102,'RM397',3,3,3,3,4,3),(1103,'RM490',3,2,2,4,3,2),(1104,'RM492',3,4,3,3,2,3),(1105,'RM549',3,4,2,4,3,3),(1106,'RM610',4,2,3,1,3,3),(1107,'RM651',3,4,3,4,2,2),(1108,'RM662',4,1,3,2,3,4),(1109,'RM776',3,3,2,4,3,3),(1110,'RM813',3,3,3,1,3,3),(1111,'RM850',3,1,1,3,2,2),(1112,'RM899',3,3,1,4,2,3),(1113,'RM927',3,4,2,4,4,4),(1114,'RM996',3,1,2,3,1,1),(1115,'RM1134',3,4,4,2,3,3),(1116,'RM1186',4,3,2,3,1,3),(1117,'RM1217',3,4,3,4,1,3),(1118,'RM1263',3,3,2,3,4,3),(1119,'RM1270',3,2,3,4,2,3),(1120,'RM1294',3,1,3,3,3,2),(1121,'RM1317',4,1,3,4,3,3),(1122,'RM1331',3,1,2,3,4,3),(1123,'RM1400',3,1,3,3,2,3),(1124,'RM029',3,1,2,4,4,3),(1125,'RM032',3,4,3,4,4,4),(1126,'RM053',4,2,3,1,3,2),(1127,'RM100',3,2,3,2,3,4),(1128,'RM287',4,4,3,3,4,1),(1129,'RM494',3,1,2,3,2,4),(1130,'RM498',3,4,3,4,1,4),(1131,'RM544',3,1,1,3,3,3),(1132,'RM618',3,4,3,2,4,2),(1133,'RM632',4,1,4,4,3,2),(1134,'RM659',3,2,3,1,4,3),(1135,'RM751',3,4,4,4,3,3),(1136,'RM790',3,2,2,1,4,3),(1137,'RM858',3,3,3,3,3,3),(1138,'RM863',3,4,1,3,4,3),(1139,'RM876',4,4,3,4,2,3),(1140,'RM892',3,1,4,4,4,3),(1141,'RM908',3,2,3,2,3,3),(1142,'RM923',3,3,4,1,4,2),(1143,'RM929',3,1,3,4,4,3),(1144,'RM954',3,1,3,1,3,4),(1145,'RM1043',3,3,2,3,4,3),(1146,'RM1047',3,4,3,2,3,2),(1147,'RM1052',3,1,3,3,3,2),(1148,'RM1063',3,2,3,3,2,2),(1149,'RM1079',3,4,3,1,3,4),(1150,'RM1141',3,2,3,4,4,2),(1151,'RM1166',3,1,3,4,3,3),(1152,'RM1201',3,3,3,4,1,3),(1153,'RM1215',3,3,4,4,2,3),(1154,'RM1280',3,3,3,2,3,2),(1155,'RM1353',3,2,4,1,4,3),(1156,'RM1436',3,2,3,4,3,3),(1157,'RM068',3,2,3,1,3,3),(1158,'RM078',3,4,3,1,2,4),(1159,'RM142',3,3,3,4,2,2),(1160,'RM154',3,2,3,2,3,1),(1161,'RM175',3,3,3,1,1,4),(1162,'RM195',4,1,2,4,4,3),(1163,'RM219',3,4,2,4,4,3),(1164,'RM245',3,3,4,4,3,3),(1165,'RM250',3,1,4,3,4,3),(1166,'RM269',3,3,3,4,2,3),(1167,'RM312',3,1,3,1,1,3),(1168,'RM335',3,4,3,4,1,3),(1169,'RM408',4,1,3,4,4,2),(1170,'RM453',3,4,3,2,2,4),(1171,'RM505',3,1,3,1,4,3),(1172,'RM565',3,2,1,3,1,3),(1173,'RM604',3,2,2,3,4,3),(1174,'RM626',3,4,3,1,3,3),(1175,'RM697',3,3,3,2,2,2),(1176,'RM714',3,4,3,4,4,3),(1177,'RM719',3,4,3,1,3,3),(1178,'RM756',3,4,3,4,2,4),(1179,'RM760',3,2,3,2,1,3),(1180,'RM806',3,2,2,3,4,3),(1181,'RM855',3,1,3,3,3,2),(1182,'RM914',3,1,1,2,1,3),(1183,'RM937',4,2,3,2,3,3),(1184,'RM1035',3,2,1,1,2,3),(1185,'RM1038',3,2,3,4,4,4),(1186,'RM1093',4,4,3,4,4,3),(1187,'RM1100',3,1,3,2,1,3),(1188,'RM1143',3,3,1,1,1,3),(1189,'RM1144',3,1,2,1,1,3),(1190,'RM1161',3,4,2,4,1,3),(1191,'RM1222',4,3,2,3,4,2),(1192,'RM1226',3,4,2,2,3,3),(1193,'RM1244',4,3,1,3,3,4),(1194,'RM1315',4,3,3,3,2,4),(1195,'RM1347',3,2,2,4,4,2),(1196,'RM1363',3,2,3,3,3,3),(1197,'RM1455',3,4,3,3,3,3),(1198,'RM030',3,2,3,1,4,2),(1199,'RM049',4,1,3,4,3,3),(1200,'RM080',4,2,3,2,4,3),(1201,'RM090',3,3,2,4,4,3),(1202,'RM094',3,3,2,1,3,2),(1203,'RM179',4,2,3,1,3,3),(1204,'RM210',3,4,3,1,3,3),(1205,'RM264',3,3,1,2,2,2),(1206,'RM366',3,3,3,3,3,4),(1207,'RM413',3,3,3,3,3,2),(1208,'RM430',3,1,3,3,3,1),(1209,'RM434',3,3,2,4,3,3),(1210,'RM466',3,1,3,3,4,2),(1211,'RM724',3,4,3,3,2,3),(1212,'RM771',3,4,3,4,4,3),(1213,'RM779',4,4,2,1,1,3),(1214,'RM811',3,1,3,3,4,3),(1215,'RM862',4,3,3,1,1,3),(1216,'RM870',3,4,3,2,1,3),(1217,'RM878',3,4,3,4,3,2),(1218,'RM917',3,4,2,2,3,3),(1219,'RM944',3,4,3,1,3,4),(1220,'RM1032',3,1,3,4,1,4),(1221,'RM1081',3,3,3,2,4,4),(1222,'RM1136',3,4,4,1,2,1),(1223,'RM1232',3,3,3,2,4,3),(1224,'RM1236',3,3,3,4,2,2),(1225,'RM1278',3,3,3,4,3,3),(1226,'RM1286',3,2,2,2,3,3),(1227,'RM1299',4,4,3,2,4,4),(1228,'RM1323',3,4,3,4,3,2),(1229,'RM1328',3,1,4,1,4,3),(1230,'RM1334',4,3,3,2,3,3),(1231,'RM272',3,1,3,2,4,2),(1232,'RM330',3,4,3,3,2,3),(1233,'RM348',3,2,3,3,1,3),(1234,'RM429',3,1,3,4,3,3),(1235,'RM533',3,4,3,1,4,3),(1236,'RM545',3,4,3,3,4,2),(1237,'RM567',3,2,4,3,4,3),(1238,'RM593',3,3,3,4,3,2),(1239,'RM652',4,3,3,4,1,3),(1240,'RM666',3,4,2,4,1,2),(1241,'RM708',3,3,4,3,3,4),(1242,'RM720',3,4,3,4,3,3),(1243,'RM1021',3,1,3,4,3,2),(1244,'RM1025',3,1,3,3,2,4),(1245,'RM1068',3,3,3,3,3,2),(1246,'RM1155',3,4,3,3,3,3),(1247,'RM1195',3,2,4,2,3,3),(1248,'RM1224',3,3,1,3,3,1),(1249,'RM1235',3,3,3,2,4,1),(1250,'RM1304',3,3,2,2,3,3),(1251,'RM1322',3,2,3,3,3,3),(1252,'RM1371',3,3,3,2,3,4),(1253,'RM1415',4,1,3,3,2,3),(1254,'RM1422',3,3,3,2,1,1),(1255,'RM051',3,1,2,3,4,3),(1256,'RM353',4,1,3,3,2,1),(1257,'RM445',3,2,3,4,1,3),(1258,'RM493',3,4,2,1,1,1),(1259,'RM521',3,2,4,2,4,3),(1260,'RM679',3,4,3,3,1,2),(1261,'RM736',3,1,2,3,4,3),(1262,'RM737',3,3,2,3,2,3),(1263,'RM805',4,1,4,4,3,2),(1264,'RM902',3,4,4,2,3,2),(1265,'RM905',3,4,2,4,3,4),(1266,'RM970',3,4,3,4,3,3),(1267,'RM1039',3,3,3,1,1,3),(1268,'RM1104',3,3,3,3,3,3),(1269,'RM1115',3,3,3,1,4,2),(1270,'RM1167',4,3,2,4,2,3),(1271,'RM1205',3,4,3,3,3,3),(1272,'RM1332',3,4,2,2,4,3),(1273,'RM1352',3,4,3,4,2,3),(1274,'RM002',4,3,2,2,4,3),(1275,'RM130',3,3,3,1,3,2),(1276,'RM202',3,4,3,4,1,3),(1277,'RM291',3,3,3,1,4,3),(1278,'RM317',3,3,2,3,4,3),(1279,'RM376',4,2,2,3,3,3),(1280,'RM474',3,4,2,3,3,3),(1281,'RM608',3,3,3,4,1,4),(1282,'RM640',3,3,3,1,2,3),(1283,'RM678',3,1,3,2,3,2),(1284,'RM822',3,4,2,2,2,3),(1285,'RM900',3,1,2,3,3,4),(1286,'RM1007',4,1,2,1,1,3),(1287,'RM1045',3,1,3,3,2,2),(1288,'RM1055',3,3,3,2,2,3),(1289,'RM1072',4,3,2,1,1,3),(1290,'RM1148',3,3,3,1,4,2),(1291,'RM1177',3,1,3,2,2,3),(1292,'RM1182',3,3,2,3,2,3),(1293,'RM1193',3,4,3,1,2,2),(1294,'RM1196',3,3,3,3,1,3),(1295,'RM1255',3,4,3,4,3,4),(1296,'RM1378',3,2,3,4,4,3),(1297,'RM1469',3,4,2,2,4,2),(1298,'RM037',3,1,2,3,3,3),(1299,'RM063',3,2,2,3,4,2),(1300,'RM107',3,1,3,2,1,2),(1301,'RM132',3,3,3,4,4,3),(1302,'RM166',3,3,3,2,2,3),(1303,'RM184',3,3,2,3,4,2),(1304,'RM234',3,4,3,4,3,2),(1305,'RM280',3,1,3,2,1,2),(1306,'RM368',3,4,2,4,4,3),(1307,'RM426',3,2,2,3,2,3),(1308,'RM478',3,1,3,2,3,3),(1309,'RM524',3,4,4,3,3,3),(1310,'RM529',3,2,3,3,1,3),(1311,'RM540',3,4,3,2,4,3),(1312,'RM589',3,3,3,3,4,3),(1313,'RM654',3,1,3,1,4,3),(1314,'RM715',4,4,3,4,3,2),(1315,'RM722',3,4,3,3,4,3),(1316,'RM743',3,1,3,4,2,3),(1317,'RM752',3,4,3,3,1,3),(1318,'RM767',3,2,3,3,4,2),(1319,'RM802',3,4,3,3,4,3),(1320,'RM868',4,4,3,1,3,3),(1321,'RM946',3,4,3,1,2,3),(1322,'RM1087',3,3,1,4,4,3),(1323,'RM1127',3,3,3,3,3,3),(1324,'RM1139',3,2,3,3,3,3),(1325,'RM1178',3,4,2,1,3,3),(1326,'RM1453',3,2,3,3,4,3),(1327,'RM1462',3,4,2,1,2,3),(1328,'RM088',4,4,3,4,2,3),(1329,'RM092',4,3,3,4,4,1),(1330,'RM111',4,1,2,1,3,2),(1331,'RM124',3,1,3,3,3,3),(1332,'RM137',3,1,1,4,4,3),(1333,'RM157',3,2,2,3,3,3),(1334,'RM190',3,4,3,2,3,3),(1335,'RM214',3,2,2,2,4,1),(1336,'RM259',3,3,3,4,2,2),(1337,'RM300',3,4,1,2,4,3),(1338,'RM377',3,3,3,4,3,2),(1339,'RM617',3,1,3,3,3,2),(1340,'RM780',3,1,3,3,3,4),(1341,'RM919',4,4,3,2,1,2),(1342,'RM931',3,2,2,3,2,2),(1343,'RM963',3,3,3,2,2,3),(1344,'RM972',3,4,2,2,2,2),(1345,'RM988',3,2,3,2,2,3),(1346,'RM1276',3,1,3,3,4,3),(1347,'RM191',3,3,2,3,1,3),(1348,'RM231',3,3,2,4,2,2),(1349,'RM238',3,1,2,3,4,4),(1350,'RM318',3,3,2,2,1,2),(1351,'RM407',3,4,2,3,3,3),(1352,'RM409',3,4,3,4,4,1),(1353,'RM469',3,4,3,1,2,3),(1354,'RM562',3,3,2,1,1,4),(1355,'RM571',3,4,3,4,1,3),(1356,'RM588',4,4,3,3,2,3),(1357,'RM628',4,3,2,4,3,3),(1358,'RM700',3,4,3,4,2,2),(1359,'RM750',3,1,1,4,4,3),(1360,'RM807',3,2,3,2,4,3),(1361,'RM948',3,2,3,2,3,2),(1362,'RM995',3,4,4,3,2,2),(1363,'RM1001',3,3,3,1,3,1),(1364,'RM1435',3,1,3,4,2,2),(1365,'RM019',3,1,2,4,3,3),(1366,'RM026',3,3,3,3,4,2),(1367,'RM153',4,2,3,3,4,1),(1368,'RM185',3,4,4,1,3,3),(1369,'RM281',3,3,3,3,4,2),(1370,'RM503',4,4,3,1,4,4),(1371,'RM535',3,3,4,3,3,3),(1372,'RM557',3,4,3,4,4,3),(1373,'RM625',3,1,2,4,4,3),(1374,'RM647',3,1,3,4,3,3),(1375,'RM650',3,4,3,4,3,3),(1376,'RM702',3,3,3,3,3,4),(1377,'RM761',3,3,2,2,1,3),(1378,'RM859',3,4,3,3,2,3),(1379,'RM1044',3,4,4,2,2,2),(1380,'RM1112',3,3,2,4,2,3),(1381,'RM1204',3,2,4,4,3,3),(1382,'RM1269',4,1,2,3,4,2),(1383,'RM1397',3,1,3,1,2,2),(1384,'RM096',3,1,3,3,1,1),(1385,'RM113',3,4,4,4,3,3),(1386,'RM220',3,4,3,1,4,3),(1387,'RM333',3,4,3,3,4,2),(1388,'RM393',3,1,3,1,3,2),(1389,'RM432',3,3,3,3,3,3),(1390,'RM511',3,3,3,2,3,4),(1391,'RM576',3,4,3,1,2,3),(1392,'RM729',3,3,3,3,3,3),(1393,'RM772',3,3,2,3,2,3),(1394,'RM891',3,4,3,3,1,1),(1395,'RM895',3,4,3,4,1,3),(1396,'RM1009',3,4,3,4,4,2),(1397,'RM1077',4,2,3,4,1,3),(1398,'RM1185',4,2,3,3,3,3),(1399,'RM1306',3,4,3,4,2,2),(1400,'RM1398',3,1,3,3,3,2),(1401,'RM1407',3,3,3,1,4,3),(1402,'RM066',3,4,3,3,3,3),(1403,'RM083',3,1,3,4,4,3),(1404,'RM188',3,3,4,2,4,3),(1405,'RM271',3,4,3,1,3,3),(1406,'RM284',3,2,3,4,4,3),(1407,'RM380',3,3,3,4,3,3),(1408,'RM446',4,1,3,2,4,3),(1409,'RM569',3,4,3,1,4,3),(1410,'RM609',3,3,3,4,3,2),(1411,'RM746',3,3,3,2,4,3),(1412,'RM775',3,3,2,1,2,4),(1413,'RM788',3,4,3,2,2,3),(1414,'RM915',3,4,2,2,4,3),(1415,'RM956',3,4,1,3,4,3),(1416,'RM976',3,1,4,3,3,2),(1417,'RM1011',3,2,4,4,4,4),(1418,'RM1066',3,4,3,3,2,3),(1419,'RM1117',4,3,2,4,3,3),(1420,'RM1208',3,1,2,2,4,3),(1421,'RM1265',3,3,2,1,2,3),(1422,'RM1337',4,2,2,4,2,4),(1423,'RM1402',3,3,4,2,1,3),(1424,'RM086',3,4,1,4,1,2),(1425,'RM123',3,2,3,2,1,3),(1426,'RM176',3,3,3,1,3,3),(1427,'RM402',3,3,4,1,4,2),(1428,'RM553',3,3,3,4,3,2),(1429,'RM773',3,1,3,3,2,3),(1430,'RM852',3,4,3,1,4,3),(1431,'RM957',3,4,3,2,1,3),(1432,'RM977',3,4,3,2,1,3),(1433,'RM1024',4,1,3,1,4,4),(1434,'RM1355',3,1,3,4,4,3),(1435,'RM1372',3,4,2,1,3,3),(1436,'RM1442',4,3,3,3,1,2),(1437,'RM1445',3,4,3,3,4,1),(1438,'RM164',3,3,4,4,2,1),(1439,'RM361',3,4,3,3,3,3),(1440,'RM425',3,1,2,4,3,2),(1441,'RM1054',4,2,4,3,1,2),(1442,'RM099',3,4,3,3,3,2),(1443,'RM127',3,4,3,4,4,2),(1444,'RM158',4,2,2,2,2,2),(1445,'RM309',3,4,1,3,4,3),(1446,'RM596',3,4,3,2,4,3),(1447,'RM661',3,4,2,4,4,2),(1448,'RM675',3,3,2,2,4,3),(1449,'RM701',4,4,3,3,1,3),(1450,'RM939',3,1,3,3,4,3),(1451,'RM967',3,3,2,1,4,2),(1452,'RM1010',4,4,3,1,3,3),(1453,'RM1302',4,2,3,2,4,2),(1454,'RM1311',3,1,3,3,2,3),(1455,'RM1375',3,4,3,4,3,2),(1456,'RM007',4,3,4,1,1,2),(1457,'RM064',3,1,3,1,4,2),(1458,'RM071',3,1,2,3,4,2),(1459,'RM106',4,3,2,4,4,3),(1460,'RM226',3,3,2,4,1,3),(1461,'RM233',3,2,3,3,4,2),(1462,'RM744',3,3,2,4,1,3),(1463,'RM759',3,2,3,4,3,1),(1464,'RM898',3,3,2,4,4,3),(1465,'RM920',3,4,3,4,4,2),(1466,'RM412',3,1,3,1,4,1),(1467,'RM428',3,3,2,1,4,4),(1468,'RM537',3,1,3,1,4,3),(1469,'RM880',3,2,4,4,2,3),(1470,'RM1210',4,3,1,4,3,4);
/*!40000 ALTER TABLE `employeeperformance` ENABLE KEYS */;
UNLOCK TABLES;

--
-- Table structure for table `employeesalary`
--

DROP TABLE IF EXISTS `employeesalary`;
/*!40101 SET @saved_cs_client     = @@character_set_client */;
/*!50503 SET character_set_client = utf8mb4 */;
CREATE TABLE `employeesalary` (
  `SalaryID` int NOT NULL,
  `EmpID` varchar(255) DEFAULT NULL,
  `MonthlyIncome` decimal(10,2) DEFAULT NULL,
  `DailyRate` decimal(10,2) DEFAULT NULL,
  `HourlyRate` decimal(10,2) DEFAULT NULL,
  `MonthlyRate` decimal(10,2) DEFAULT NULL,
  PRIMARY KEY (`SalaryID`),
  KEY `EmpID` (`EmpID`),
  CONSTRAINT `employeesalary_ibfk_1` FOREIGN KEY (`EmpID`) REFERENCES `employee` (`EmpID`)
) ENGINE=InnoDB DEFAULT CHARSET=utf8mb4 COLLATE=utf8mb4_0900_ai_ci;
/*!40101 SET character_set_client = @saved_cs_client */;

--
-- Dumping data for table `employeesalary`
--

LOCK TABLES `employeesalary` WRITE;
/*!40000 ALTER TABLE `employeesalary` DISABLE KEYS */;
INSERT INTO `employeesalary` VALUES (1,'RM297',1420.00,230.00,54.00,25233.00),(2,'RM302',1200.00,812.00,69.00,9724.00),(3,'RM458',1878.00,1306.00,69.00,8059.00),(4,'RM728',1051.00,287.00,73.00,13493.00),(5,'RM829',1904.00,247.00,80.00,13556.00),(6,'RM973',1611.00,1124.00,97.00,19305.00),(7,'RM1154',1569.00,544.00,70.00,18420.00),(8,'RM1312',1514.00,1431.00,33.00,8018.00),(9,'RM128',1675.00,528.00,50.00,26820.00),(10,'RM150',1483.00,1181.00,79.00,16102.00),(11,'RM172',2325.00,602.00,100.00,20989.00),(12,'RM178',1102.00,303.00,47.00,9241.00),(13,'RM423',2564.00,489.00,52.00,18437.00),(14,'RM689',2121.00,419.00,37.00,9947.00),(15,'RM854',2552.00,645.00,54.00,7172.00),(16,'RM893',1859.00,504.00,96.00,6148.00),(17,'RM910',2994.00,265.00,57.00,21221.00),(18,'RM103',2926.00,871.00,66.00,19783.00),(19,'RM488',2836.00,959.00,83.00,11757.00),(20,'RM514',1009.00,1362.00,32.00,26999.00),(21,'RM663',2044.00,500.00,49.00,22052.00),(22,'RM690',2973.00,129.00,84.00,13008.00),(23,'RM732',2600.00,1097.00,98.00,18275.00),(24,'RM777',2323.00,769.00,54.00,17205.00),(25,'RM857',3033.00,805.00,87.00,12828.00),(26,'RM877',2678.00,654.00,43.00,5050.00),(27,'RM1179',2783.00,1141.00,31.00,13251.00),(28,'RM1198',2728.00,727.00,54.00,21082.00),(29,'RM024',1232.00,391.00,96.00,19281.00),(30,'RM275',3230.00,996.00,100.00,10531.00),(31,'RM358',2174.00,756.00,99.00,9150.00),(32,'RM363',2610.00,895.00,39.00,2851.00),(33,'RM371',2716.00,156.00,90.00,25422.00),(34,'RM497',3447.00,1343.00,49.00,24444.00),(35,'RM664',2693.00,1427.00,65.00,8870.00),(36,'RM778',1416.00,1334.00,36.00,17258.00),(37,'RM816',2070.00,984.00,70.00,25326.00),(38,'RM916',2625.00,251.00,45.00,25308.00),(39,'RM1153',3117.00,546.00,97.00,26009.00),(40,'RM1272',2679.00,337.00,31.00,4567.00),(41,'RM1437',2380.00,501.00,58.00,25479.00),(42,'RM018',2935.00,1123.00,96.00,7324.00),(43,'RM110',2871.00,534.00,59.00,23785.00),(44,'RM129',2523.00,594.00,100.00,19299.00),(45,'RM161',2323.00,1256.00,80.00,11992.00),(46,'RM207',2328.00,1136.00,60.00,12392.00),(47,'RM384',2244.00,253.00,43.00,24440.00),(48,'RM444',3894.00,1368.00,99.00,9129.00),(49,'RM499',2773.00,604.00,69.00,12145.00),(50,'RM631',4775.00,1230.00,33.00,19146.00),(51,'RM667',4171.00,617.00,34.00,10022.00),(52,'RM735',2451.00,217.00,94.00,6881.00),(53,'RM861',2853.00,1256.00,48.00,4223.00),(54,'RM1138',2814.00,457.00,85.00,10293.00),(55,'RM1274',2398.00,1294.00,79.00,15999.00),(56,'RM1340',2472.00,391.00,75.00,26092.00),(57,'RM1424',3375.00,581.00,63.00,17624.00),(58,'RM087',2322.00,541.00,62.00,9518.00),(59,'RM346',2904.00,1309.00,83.00,16092.00),(60,'RM517',2819.00,885.00,58.00,8544.00),(61,'RM551',2500.00,650.00,37.00,4344.00),(62,'RM566',3505.00,310.00,79.00,19630.00),(63,'RM586',1601.00,1243.00,63.00,3445.00),(64,'RM911',1223.00,373.00,47.00,16901.00),(65,'RM1083',2272.00,507.00,97.00,24812.00),(66,'RM1128',2073.00,977.00,45.00,12826.00),(67,'RM1202',3989.00,1320.00,93.00,20586.00),(68,'RM1214',2275.00,427.00,99.00,25103.00),(69,'RM1239',3295.00,160.00,51.00,12862.00),(70,'RM1409',2647.00,571.00,78.00,13672.00),(71,'RM1439',1790.00,638.00,33.00,26956.00),(72,'RM021',4011.00,673.00,96.00,8232.00),(73,'RM035',2293.00,813.00,61.00,3020.00),(74,'RM097',4999.00,1353.00,33.00,17519.00),(75,'RM114',2774.00,1127.00,52.00,13257.00),(76,'RM381',4260.00,1371.00,77.00,5915.00),(77,'RM415',3202.00,1448.00,62.00,21972.00),(78,'RM471',2400.00,535.00,38.00,5530.00),(79,'RM475',2725.00,691.00,89.00,21630.00),(80,'RM477',2127.00,823.00,94.00,9100.00),(81,'RM480',2886.00,1287.00,55.00,14168.00),(82,'RM526',4577.00,693.00,65.00,24785.00),(83,'RM587',2694.00,1092.00,60.00,26551.00),(84,'RM641',3162.00,1269.00,46.00,10778.00),(85,'RM725',4377.00,1206.00,41.00,24117.00),(86,'RM842',3597.00,477.00,49.00,6409.00),(87,'RM872',2210.00,984.00,97.00,3372.00),(88,'RM1026',4162.00,1476.00,42.00,15211.00),(89,'RM1061',3172.00,381.00,89.00,16998.00),(90,'RM1062',2033.00,830.00,78.00,7103.00),(91,'RM1098',2296.00,350.00,57.00,10036.00),(92,'RM1169',3760.00,567.00,32.00,17218.00),(93,'RM1218',4401.00,581.00,62.00,17616.00),(94,'RM1223',1555.00,240.00,58.00,11585.00),(95,'RM1231',3907.00,506.00,91.00,3622.00),(96,'RM1246',2145.00,897.00,59.00,2097.00),(97,'RM1408',4617.00,771.00,45.00,14120.00),(98,'RM108',5744.00,240.00,46.00,26959.00),(99,'RM109',2889.00,1280.00,64.00,26897.00),(100,'RM139',8639.00,959.00,41.00,24835.00),(101,'RM256',4898.00,685.00,62.00,7505.00),(102,'RM268',4000.00,675.00,85.00,18384.00),(103,'RM398',4487.00,891.00,99.00,12090.00),(104,'RM406',4031.00,688.00,91.00,9396.00),(105,'RM479',2096.00,622.00,40.00,26376.00),(106,'RM518',4851.00,810.00,57.00,15678.00),(107,'RM564',6180.00,883.00,32.00,22807.00),(108,'RM619',3424.00,180.00,65.00,21632.00),(109,'RM635',4194.00,141.00,98.00,14363.00),(110,'RM639',4256.00,583.00,87.00,18154.00),(111,'RM684',2413.00,867.00,36.00,18798.00),(112,'RM797',3691.00,1219.00,32.00,4605.00),(113,'RM886',4950.00,1356.00,57.00,20623.00),(114,'RM912',1118.00,599.00,73.00,8040.00),(115,'RM935',2096.00,266.00,40.00,18830.00),(116,'RM966',3669.00,882.00,67.00,9075.00),(117,'RM994',6232.00,1372.00,93.00,12477.00),(118,'RM1004',3229.00,949.00,81.00,4910.00),(119,'RM1022',4400.00,383.00,68.00,15182.00),(120,'RM1175',5206.00,772.00,77.00,4973.00),(121,'RM1412',2187.00,309.00,82.00,19655.00),(122,'RM1414',3977.00,977.00,57.00,7298.00),(123,'RM1434',4907.00,1382.00,85.00,13684.00),(124,'RM043',2293.00,1357.00,48.00,10558.00),(125,'RM055',4157.00,1443.00,47.00,21436.00),(126,'RM126',2368.00,841.00,46.00,23300.00),(127,'RM135',2942.00,1355.00,61.00,8916.00),(128,'RM279',6397.00,1479.00,84.00,26767.00),(129,'RM285',4741.00,496.00,60.00,22722.00),(130,'RM289',2373.00,1449.00,45.00,14180.00),(131,'RM294',5828.00,950.00,48.00,8450.00),(132,'RM356',5296.00,933.00,57.00,20156.00),(133,'RM383',3102.00,575.00,73.00,6582.00),(134,'RM419',2886.00,1349.00,90.00,3032.00),(135,'RM454',2741.00,426.00,58.00,22808.00),(136,'RM461',4306.00,775.00,45.00,4267.00),(137,'RM464',2340.00,471.00,66.00,23213.00),(138,'RM476',6272.00,703.00,66.00,7428.00),(139,'RM506',2659.00,991.00,71.00,17759.00),(140,'RM572',4364.00,575.00,71.00,5288.00),(141,'RM574',5326.00,1146.00,38.00,3064.00),(142,'RM615',2366.00,887.00,88.00,20898.00),(143,'RM686',4294.00,1283.00,52.00,11148.00),(144,'RM734',5472.00,1066.00,32.00,3334.00),(145,'RM749',4969.00,265.00,79.00,21813.00),(146,'RM763',2042.00,342.00,57.00,15346.00),(147,'RM770',2007.00,921.00,66.00,25265.00),(148,'RM782',3955.00,192.00,59.00,11141.00),(149,'RM798',2377.00,1330.00,37.00,19373.00),(150,'RM844',4420.00,1384.00,82.00,13421.00),(151,'RM913',2875.00,583.00,53.00,9973.00),(152,'RM999',3904.00,683.00,36.00,4050.00),(153,'RM1005',3578.00,652.00,100.00,23577.00),(154,'RM1119',2061.00,474.00,89.00,11133.00),(155,'RM1207',2570.00,786.00,76.00,11925.00),(156,'RM1225',2305.00,390.00,62.00,6217.00),(157,'RM1298',2148.00,920.00,69.00,6889.00),(158,'RM1310',4684.00,572.00,46.00,9125.00),(159,'RM1350',2933.00,482.00,90.00,14908.00),(160,'RM1362',2544.00,1096.00,61.00,7102.00),(161,'RM1387',2867.00,157.00,95.00,20006.00),(162,'RM1465',2966.00,1167.00,30.00,21378.00),(163,'RM005',3468.00,591.00,40.00,16632.00),(164,'RM042',2341.00,1240.00,33.00,19715.00),(165,'RM044',8726.00,994.00,37.00,2975.00),(166,'RM162',2024.00,691.00,57.00,5970.00),(167,'RM165',2566.00,1450.00,79.00,25326.00),(168,'RM171',3058.00,1157.00,51.00,13364.00),(169,'RM192',2279.00,894.00,99.00,11781.00),(170,'RM201',4298.00,472.00,60.00,9679.00),(171,'RM213',9981.00,1242.00,90.00,12916.00),(172,'RM319',2478.00,1220.00,85.00,20938.00),(173,'RM321',4478.00,1377.00,74.00,5242.00),(174,'RM332',6349.00,210.00,73.00,22107.00),(175,'RM340',6214.00,1130.00,56.00,3415.00),(176,'RM374',3816.00,1469.00,82.00,17881.00),(177,'RM486',2187.00,798.00,66.00,5013.00),(178,'RM496',3041.00,1420.00,85.00,16346.00),(179,'RM513',2045.00,1115.00,54.00,15174.00),(180,'RM522',4647.00,1410.00,71.00,16673.00),(181,'RM531',7412.00,608.00,68.00,6009.00),(182,'RM538',8793.00,294.00,32.00,4809.00),(183,'RM555',6811.00,975.00,55.00,23398.00),(184,'RM577',4342.00,829.00,84.00,24008.00),(185,'RM611',12808.00,269.00,42.00,8842.00),(186,'RM616',1706.00,443.00,50.00,16571.00),(187,'RM671',2318.00,618.00,76.00,17808.00),(188,'RM718',2811.00,1134.00,37.00,12086.00),(189,'RM740',4227.00,1055.00,47.00,4658.00),(190,'RM787',4621.00,1277.00,87.00,5869.00),(191,'RM834',2539.00,199.00,55.00,7950.00),(192,'RM890',2235.00,1103.00,42.00,14377.00),(193,'RM903',2517.00,1167.00,76.00,3208.00),(194,'RM971',2534.00,1291.00,98.00,6527.00),(195,'RM975',5071.00,793.00,43.00,20392.00),(196,'RM997',5769.00,205.00,98.00,7100.00),(197,'RM998',2394.00,135.00,51.00,25681.00),(198,'RM1018',2099.00,1377.00,91.00,7679.00),(199,'RM1150',4066.00,1302.00,67.00,16290.00),(200,'RM1170',3517.00,486.00,86.00,22490.00),(201,'RM1171',2580.00,591.00,87.00,6297.00),(202,'RM1249',3445.00,1054.00,67.00,6152.00),(203,'RM1318',2379.00,1297.00,53.00,19826.00),(204,'RM1329',3540.00,728.00,36.00,7018.00),(205,'RM1335',4774.00,1131.00,77.00,23844.00),(206,'RM1351',6500.00,511.00,89.00,26997.00),(207,'RM1368',2226.00,1354.00,41.00,6073.00),(208,'RM1380',2863.00,1337.00,58.00,19555.00),(209,'RM1394',4105.00,954.00,44.00,5099.00),(210,'RM1468',6142.00,155.00,87.00,5174.00),(211,'RM015',2028.00,103.00,50.00,12947.00),(212,'RM052',3441.00,1434.00,50.00,11179.00),(213,'RM098',4221.00,120.00,43.00,8863.00),(214,'RM163',2713.00,440.00,42.00,6672.00),(215,'RM265',3485.00,529.00,79.00,14935.00),(216,'RM273',2070.00,1158.00,94.00,2613.00),(217,'RM290',3310.00,1117.00,66.00,4488.00),(218,'RM303',5661.00,1476.00,68.00,4824.00),(219,'RM324',3464.00,1157.00,84.00,24737.00),(220,'RM375',5253.00,304.00,92.00,20750.00),(221,'RM405',4558.00,1300.00,79.00,13535.00),(222,'RM541',2216.00,654.00,67.00,3872.00),(223,'RM599',4382.00,890.00,46.00,16374.00),(224,'RM613',4779.00,760.00,81.00,3698.00),(225,'RM630',4936.00,1169.00,63.00,23965.00),(226,'RM660',4908.00,821.00,98.00,24252.00),(227,'RM669',2377.00,995.00,77.00,9834.00),(228,'RM765',1052.00,1144.00,74.00,23384.00),(229,'RM781',8722.00,1366.00,72.00,12355.00),(230,'RM789',3660.00,857.00,59.00,7909.00),(231,'RM794',2207.00,895.00,50.00,22482.00),(232,'RM801',2596.00,1009.00,45.00,7160.00),(233,'RM810',7655.00,950.00,93.00,8039.00),(234,'RM820',3201.00,1451.00,67.00,19911.00),(235,'RM828',2703.00,773.00,39.00,22088.00),(236,'RM843',2515.00,1485.00,79.00,22955.00),(237,'RM869',3196.00,1179.00,78.00,12449.00),(238,'RM922',2154.00,791.00,44.00,6842.00),(239,'RM930',3867.00,193.00,52.00,14222.00),(240,'RM934',2080.00,640.00,84.00,4732.00),(241,'RM945',6674.00,1476.00,55.00,16392.00),(242,'RM985',4724.00,736.00,48.00,24232.00),(243,'RM1042',8463.00,866.00,84.00,23490.00),(244,'RM1057',2909.00,1496.00,92.00,15747.00),(245,'RM1069',2561.00,289.00,38.00,5355.00),(246,'RM1070',1563.00,1423.00,72.00,12530.00),(247,'RM1071',4898.00,467.00,55.00,11827.00),(248,'RM1074',6549.00,1083.00,96.00,3173.00),(249,'RM1137',2408.00,329.00,51.00,7324.00),(250,'RM1152',4877.00,580.00,39.00,20460.00),(251,'RM1284',2044.00,1181.00,82.00,5531.00),(252,'RM1308',3591.00,1217.00,67.00,12719.00),(253,'RM1324',2706.00,280.00,43.00,10494.00),(254,'RM1338',2856.00,1172.00,78.00,3692.00),(255,'RM1365',6834.00,783.00,42.00,19255.00),(256,'RM1370',9854.00,1475.00,84.00,23352.00),(257,'RM1382',2144.00,1103.00,49.00,2122.00),(258,'RM1391',2367.00,1404.00,32.00,18779.00),(259,'RM012',4193.00,153.00,49.00,12682.00),(260,'RM016',9980.00,1389.00,51.00,10195.00),(261,'RM072',2703.00,1328.00,76.00,4956.00),(262,'RM156',4319.00,1496.00,41.00,26283.00),(263,'RM206',7639.00,121.00,35.00,24525.00),(264,'RM218',2058.00,992.00,85.00,19757.00),(265,'RM228',7918.00,1413.00,42.00,6599.00),(266,'RM230',2389.00,896.00,86.00,14961.00),(267,'RM253',2340.00,665.00,60.00,22673.00),(268,'RM255',6931.00,1247.00,45.00,10732.00),(269,'RM266',6644.00,1210.00,78.00,3687.00),(270,'RM283',4554.00,442.00,44.00,20260.00),(271,'RM337',2119.00,318.00,77.00,4759.00),(272,'RM338',3983.00,738.00,30.00,7621.00),(273,'RM344',8268.00,144.00,39.00,11866.00),(274,'RM350',4649.00,746.00,61.00,16928.00),(275,'RM372',2201.00,1283.00,54.00,18168.00),(276,'RM421',11935.00,986.00,93.00,21526.00),(277,'RM422',2546.00,408.00,71.00,18300.00),(278,'RM455',4262.00,232.00,34.00,22645.00),(279,'RM508',5561.00,1176.00,62.00,3487.00),(280,'RM520',2720.00,806.00,76.00,18959.00),(281,'RM547',2642.00,1396.00,99.00,2755.00),(282,'RM556',2297.00,1090.00,83.00,17967.00),(283,'RM573',4335.00,657.00,66.00,25549.00),(284,'RM590',2319.00,805.00,36.00,6689.00),(285,'RM595',2700.00,1252.00,81.00,23779.00),(286,'RM646',2800.00,341.00,48.00,23522.00),(287,'RM658',2532.00,1086.00,62.00,6054.00),(288,'RM698',2157.00,1404.00,84.00,18203.00),(289,'RM712',2404.00,906.00,92.00,11479.00),(290,'RM809',2514.00,1107.00,93.00,26968.00),(291,'RM824',3291.00,490.00,61.00,17940.00),(292,'RM826',5056.00,718.00,79.00,17689.00),(293,'RM837',7336.00,408.00,45.00,11162.00),(294,'RM853',3131.00,1401.00,54.00,26342.00),(295,'RM860',2168.00,942.00,69.00,26933.00),(296,'RM894',3760.00,1010.00,97.00,5598.00),(297,'RM904',6623.00,1329.00,82.00,4204.00),(298,'RM906',16124.00,694.00,87.00,3423.00),(299,'RM933',3339.00,806.00,39.00,17285.00),(300,'RM1006',7988.00,332.00,51.00,9769.00),(301,'RM1008',7553.00,337.00,84.00,22930.00),(302,'RM1058',5765.00,115.00,51.00,17485.00),(303,'RM1064',8620.00,1246.00,77.00,23757.00),(304,'RM1073',3180.00,410.00,97.00,4668.00),(305,'RM1078',2362.00,224.00,100.00,7568.00),(306,'RM1091',9715.00,441.00,39.00,7288.00),(307,'RM1105',2451.00,598.00,91.00,22376.00),(308,'RM1123',4723.00,1370.00,87.00,16213.00),(309,'RM1126',8853.00,995.00,87.00,24483.00),(310,'RM1173',5869.00,469.00,42.00,23413.00),(311,'RM1189',4187.00,991.00,43.00,3356.00),(312,'RM1220',2974.00,1082.00,43.00,25412.00),(313,'RM1250',2760.00,428.00,52.00,14630.00),(314,'RM1251',6294.00,461.00,70.00,23060.00),(315,'RM1259',2109.00,590.00,91.00,10007.00),(316,'RM1314',2335.00,350.00,56.00,3157.00),(317,'RM1319',3812.00,574.00,40.00,7003.00),(318,'RM1325',6384.00,726.00,93.00,21143.00),(319,'RM1330',2804.00,352.00,87.00,15434.00),(320,'RM1333',2439.00,459.00,73.00,14753.00),(321,'RM1344',2062.00,592.00,59.00,19384.00),(322,'RM1366',1091.00,746.00,45.00,10642.00),(323,'RM1388',5373.00,136.00,89.00,6225.00),(324,'RM1443',4787.00,1092.00,36.00,26124.00),(325,'RM1460',4025.00,1378.00,46.00,23679.00),(326,'RM1461',3785.00,468.00,73.00,8489.00),(327,'RM008',2693.00,1358.00,67.00,13335.00),(328,'RM033',2206.00,125.00,83.00,16117.00),(329,'RM045',4011.00,721.00,58.00,10781.00),(330,'RM081',5126.00,852.00,55.00,15998.00),(331,'RM089',4152.00,288.00,99.00,15830.00),(332,'RM093',5209.00,1334.00,63.00,19760.00),(333,'RM121',2613.00,1312.00,96.00,22310.00),(334,'RM140',6347.00,1240.00,48.00,13982.00),(335,'RM144',2632.00,438.00,75.00,23910.00),(336,'RM146',3204.00,201.00,84.00,10415.00),(337,'RM147',2720.00,1427.00,35.00,11162.00),(338,'RM168',9419.00,1339.00,41.00,8053.00),(339,'RM174',3072.00,111.00,66.00,11012.00),(340,'RM212',8474.00,829.00,88.00,20925.00),(341,'RM215',2657.00,1005.00,88.00,8556.00),(342,'RM217',6696.00,334.00,52.00,22967.00),(343,'RM325',5775.00,1275.00,64.00,11934.00),(344,'RM339',6118.00,570.00,30.00,5431.00),(345,'RM355',4736.00,641.00,85.00,6069.00),(346,'RM382',2476.00,202.00,72.00,17434.00),(347,'RM386',2285.00,464.00,40.00,3427.00),(348,'RM403',6577.00,1082.00,83.00,19558.00),(349,'RM411',6091.00,317.00,43.00,24793.00),(350,'RM420',2097.00,1400.00,53.00,16734.00),(351,'RM424',8412.00,1398.00,69.00,2890.00),(352,'RM427',2564.00,1116.00,49.00,7181.00),(353,'RM438',2983.00,413.00,57.00,18398.00),(354,'RM481',2033.00,448.00,74.00,14470.00),(355,'RM502',2083.00,160.00,71.00,22653.00),(356,'RM546',5304.00,501.00,99.00,25275.00),(357,'RM582',3833.00,921.00,38.00,24375.00),(358,'RM603',6877.00,946.00,52.00,20234.00),(359,'RM624',3761.00,1012.00,75.00,2373.00),(360,'RM703',7264.00,231.00,62.00,9977.00),(361,'RM721',2132.00,138.00,48.00,11539.00),(362,'RM731',11416.00,153.00,73.00,17802.00),(363,'RM733',2422.00,109.00,60.00,25725.00),(364,'RM783',9957.00,1176.00,85.00,9096.00),(365,'RM845',6578.00,852.00,72.00,2706.00),(366,'RM866',4115.00,1329.00,61.00,13192.00),(367,'RM875',3491.00,853.00,49.00,11309.00),(368,'RM887',3579.00,1465.00,63.00,9369.00),(369,'RM932',4695.00,879.00,72.00,12858.00),(370,'RM942',4627.00,1138.00,48.00,23631.00),(371,'RM949',11916.00,634.00,95.00,25927.00),(372,'RM1014',4779.00,855.00,73.00,12761.00),(373,'RM1050',5301.00,1358.00,96.00,2939.00),(374,'RM1053',1274.00,990.00,64.00,7152.00),(375,'RM1065',2064.00,330.00,46.00,15428.00),(376,'RM1107',9714.00,740.00,64.00,5323.00),(377,'RM1110',9250.00,1288.00,33.00,17799.00),(378,'RM1142',2141.00,241.00,48.00,5348.00),(379,'RM1234',2862.00,793.00,33.00,3811.00),(380,'RM1245',4968.00,1312.00,78.00,26427.00),(381,'RM1247',2180.00,600.00,66.00,9732.00),(382,'RM1252',7140.00,979.00,94.00,3088.00),(383,'RM1260',5294.00,305.00,58.00,9128.00),(384,'RM1297',9667.00,1092.00,64.00,2739.00),(385,'RM1339',1081.00,945.00,89.00,16019.00),(386,'RM1413',3748.00,911.00,76.00,4077.00),(387,'RM013',2911.00,670.00,31.00,15170.00),(388,'RM059',5915.00,655.00,48.00,9528.00),(389,'RM073',2501.00,1082.00,87.00,18775.00),(390,'RM076',4424.00,746.00,61.00,20682.00),(391,'RM125',6172.00,249.00,76.00,20739.00),(392,'RM133',4559.00,542.00,71.00,24788.00),(393,'RM181',3929.00,140.00,95.00,6984.00),(394,'RM225',4345.00,979.00,90.00,4381.00),(395,'RM246',13675.00,1327.00,73.00,13523.00),(396,'RM260',3479.00,307.00,71.00,11652.00),(397,'RM267',5582.00,1463.00,64.00,14408.00),(398,'RM293',2789.00,444.00,84.00,3909.00),(399,'RM304',6929.00,218.00,100.00,12241.00),(400,'RM310',4821.00,691.00,86.00,10077.00),(401,'RM311',6410.00,106.00,62.00,17822.00),(402,'RM313',2695.00,192.00,32.00,7747.00),(403,'RM322',7547.00,691.00,73.00,7143.00),(404,'RM326',8943.00,798.00,48.00,14034.00),(405,'RM343',7143.00,1232.00,39.00,25713.00),(406,'RM370',2657.00,408.00,42.00,7551.00),(407,'RM395',4306.00,480.00,31.00,4156.00),(408,'RM400',2218.00,329.00,98.00,16193.00),(409,'RM435',10648.00,1274.00,33.00,14394.00),(410,'RM440',9824.00,534.00,66.00,22908.00),(411,'RM451',6582.00,828.00,77.00,8346.00),(412,'RM457',11557.00,688.00,44.00,25291.00),(413,'RM483',4233.00,1365.00,46.00,11512.00),(414,'RM485',5460.00,525.00,66.00,6219.00),(415,'RM645',2356.00,1222.00,48.00,14871.00),(416,'RM676',2329.00,154.00,41.00,11737.00),(417,'RM680',6932.00,1188.00,45.00,24406.00),(418,'RM691',5855.00,616.00,41.00,17369.00),(419,'RM710',2321.00,335.00,46.00,10322.00),(420,'RM727',4148.00,853.00,96.00,11275.00),(421,'RM819',2791.00,793.00,67.00,21981.00),(422,'RM832',2610.00,874.00,72.00,6233.00),(423,'RM896',6833.00,1332.00,80.00,17089.00),(424,'RM897',6812.00,1062.00,96.00,17198.00),(425,'RM951',9852.00,587.00,57.00,8935.00),(426,'RM953',2302.00,1060.00,54.00,8319.00),(427,'RM981',2785.00,703.00,90.00,11882.00),(428,'RM986',6179.00,330.00,98.00,21057.00),(429,'RM1013',1359.00,667.00,50.00,16154.00),(430,'RM1015',16422.00,182.00,93.00,8847.00),(431,'RM1017',1261.00,202.00,34.00,22262.00),(432,'RM1031',10793.00,326.00,31.00,8386.00),(433,'RM1034',7446.00,1445.00,100.00,8931.00),(434,'RM1036',2109.00,1398.00,96.00,24609.00),(435,'RM1037',3722.00,523.00,94.00,21081.00),(436,'RM1086',4084.00,561.00,33.00,4156.00),(437,'RM1145',5332.00,715.00,54.00,21602.00),(438,'RM1192',5476.00,1112.00,67.00,22589.00),(439,'RM1228',3477.00,741.00,69.00,18103.00),(440,'RM1240',5238.00,163.00,30.00,6670.00),(441,'RM1248',8346.00,1003.00,51.00,20943.00),(442,'RM1258',8161.00,1079.00,70.00,19002.00),(443,'RM1275',5468.00,196.00,91.00,13402.00),(444,'RM1307',9637.00,1125.00,68.00,8277.00),(445,'RM1313',2956.00,359.00,89.00,21495.00),(446,'RM1342',4197.00,311.00,89.00,18624.00),(447,'RM1359',6583.00,1079.00,86.00,20115.00),(448,'RM1361',3978.00,471.00,62.00,16031.00),(449,'RM1383',3065.00,976.00,48.00,3995.00),(450,'RM1390',5003.00,1125.00,48.00,5771.00),(451,'RM1396',5617.00,754.00,63.00,21075.00),(452,'RM1403',1129.00,1276.00,59.00,17536.00),(453,'RM1406',11031.00,697.00,40.00,26862.00),(454,'RM1418',3067.00,1154.00,54.00,6393.00),(455,'RM1464',9936.00,325.00,74.00,3787.00),(456,'RM006',3068.00,1005.00,79.00,11864.00),(457,'RM017',3298.00,334.00,80.00,15053.00),(458,'RM027',3919.00,1125.00,72.00,4681.00),(459,'RM061',6162.00,427.00,33.00,10877.00),(460,'RM074',6220.00,548.00,66.00,7346.00),(461,'RM095',5010.00,1093.00,87.00,24301.00),(462,'RM102',2956.00,827.00,71.00,15178.00),(463,'RM141',4200.00,1033.00,41.00,10224.00),(464,'RM145',4668.00,689.00,35.00,22812.00),(465,'RM155',8998.00,967.00,43.00,15589.00),(466,'RM170',3038.00,120.00,43.00,12430.00),(467,'RM211',10400.00,1045.00,32.00,25812.00),(468,'RM239',3931.00,1401.00,56.00,20990.00),(469,'RM240',3730.00,515.00,62.00,9571.00),(470,'RM242',4465.00,976.00,100.00,12069.00),(471,'RM261',2794.00,1311.00,100.00,26062.00),(472,'RM263',2176.00,128.00,84.00,19737.00),(473,'RM307',5484.00,906.00,91.00,16985.00),(474,'RM320',5228.00,588.00,65.00,24624.00),(475,'RM323',5055.00,1018.00,74.00,10557.00),(476,'RM352',2370.00,1062.00,75.00,3956.00),(477,'RM470',4707.00,1474.00,60.00,23914.00),(478,'RM501',6322.00,646.00,92.00,18089.00),(479,'RM528',5396.00,929.00,55.00,21703.00),(480,'RM532',11159.00,1018.00,39.00,19373.00),(481,'RM559',5309.00,430.00,80.00,21146.00),(482,'RM601',6162.00,859.00,98.00,19124.00),(483,'RM623',4403.00,117.00,73.00,9250.00),(484,'RM627',5175.00,638.00,91.00,22162.00),(485,'RM638',2314.00,300.00,61.00,9148.00),(486,'RM642',6524.00,379.00,48.00,8891.00),(487,'RM657',2795.00,374.00,87.00,18016.00),(488,'RM683',2332.00,1184.00,70.00,3974.00),(489,'RM693',6725.00,498.00,93.00,13554.00),(490,'RM757',4025.00,1109.00,69.00,11135.00),(491,'RM851',2827.00,862.00,76.00,14947.00),(492,'RM881',2743.00,116.00,77.00,7331.00),(493,'RM882',4998.00,1316.00,38.00,2338.00),(494,'RM936',6209.00,604.00,56.00,11693.00),(495,'RM940',4883.00,1089.00,79.00,22845.00),(496,'RM992',4078.00,499.00,36.00,20497.00),(497,'RM1027',9204.00,601.00,97.00,23343.00),(498,'RM1076',11244.00,495.00,64.00,21072.00),(499,'RM1102',5878.00,824.00,67.00,15624.00),(500,'RM1114',4087.00,1200.00,62.00,25174.00),(501,'RM1140',3312.00,634.00,35.00,18783.00),(502,'RM1191',5470.00,977.00,45.00,25518.00),(503,'RM1206',1393.00,1259.00,95.00,24852.00),(504,'RM1227',3433.00,585.00,56.00,17360.00),(505,'RM1238',6735.00,964.00,34.00,12147.00),(506,'RM1242',9610.00,371.00,80.00,3840.00),(507,'RM1261',2718.00,953.00,65.00,17674.00),(508,'RM1320',4648.00,1318.00,79.00,26075.00),(509,'RM1327',9907.00,414.00,82.00,26186.00),(510,'RM1376',2432.00,238.00,47.00,15318.00),(511,'RM1389',6667.00,1146.00,34.00,16542.00),(512,'RM1395',9679.00,1373.00,56.00,10138.00),(513,'RM1427',2837.00,267.00,49.00,15919.00),(514,'RM1429',2269.00,234.00,68.00,18024.00),(515,'RM1432',10422.00,801.00,48.00,24032.00),(516,'RM1450',2439.00,529.00,78.00,11288.00),(517,'RM004',2909.00,1392.00,56.00,23159.00),(518,'RM031',2496.00,924.00,78.00,6670.00),(519,'RM040',5376.00,1141.00,42.00,3193.00),(520,'RM056',13458.00,515.00,98.00,15146.00),(521,'RM122',6146.00,750.00,95.00,15480.00),(522,'RM177',2500.00,134.00,90.00,10515.00),(523,'RM186',2756.00,931.00,72.00,4673.00),(524,'RM222',2622.00,147.00,47.00,13248.00),(525,'RM235',2436.00,813.00,58.00,22149.00),(526,'RM237',2707.00,465.00,39.00,21509.00),(527,'RM247',2911.00,832.00,63.00,14776.00),(528,'RM314',11878.00,553.00,74.00,23364.00),(529,'RM329',4682.00,508.00,46.00,4317.00),(530,'RM364',2851.00,350.00,34.00,9150.00),(531,'RM436',13610.00,1277.00,56.00,24619.00),(532,'RM437',3408.00,587.00,38.00,6705.00),(533,'RM456',16184.00,922.00,95.00,22578.00),(534,'RM500',7104.00,1216.00,39.00,20431.00),(535,'RM510',7725.00,1296.00,30.00,5335.00),(536,'RM515',3348.00,1076.00,70.00,3164.00),(537,'RM563',2686.00,527.00,63.00,5207.00),(538,'RM591',11691.00,213.00,49.00,25995.00),(539,'RM592',5324.00,118.00,69.00,26507.00),(540,'RM620',4037.00,586.00,48.00,21816.00),(541,'RM656',2277.00,1075.00,57.00,22650.00),(542,'RM674',2799.00,1198.00,100.00,3339.00),(543,'RM695',6949.00,1069.00,42.00,12291.00),(544,'RM711',17444.00,722.00,38.00,20489.00),(545,'RM713',3452.00,461.00,53.00,17241.00),(546,'RM716',5488.00,827.00,84.00,20161.00),(547,'RM755',2342.00,1038.00,88.00,21437.00),(548,'RM791',7119.00,654.00,34.00,21214.00),(549,'RM793',4508.00,827.00,54.00,3129.00),(550,'RM799',2313.00,1017.00,55.00,2993.00),(551,'RM803',4302.00,970.00,30.00,13401.00),(552,'RM830',8224.00,603.00,77.00,18385.00),(553,'RM864',3600.00,147.00,99.00,8429.00),(554,'RM873',4539.00,1146.00,82.00,4905.00),(555,'RM884',2781.00,117.00,60.00,6311.00),(556,'RM909',8380.00,536.00,82.00,21708.00),(557,'RM991',9998.00,1111.00,61.00,19293.00),(558,'RM1048',4373.00,430.00,54.00,17456.00),(559,'RM1067',3838.00,1099.00,82.00,8192.00),(560,'RM1075',6388.00,516.00,69.00,22049.00),(561,'RM1092',4320.00,575.00,44.00,24152.00),(562,'RM1096',5207.00,589.00,79.00,22949.00),(563,'RM1106',6392.00,1242.00,46.00,10589.00),(564,'RM1190',5505.00,392.00,93.00,3921.00),(565,'RM1199',5368.00,530.00,36.00,16130.00),(566,'RM1211',2028.00,267.00,79.00,13637.00),(567,'RM1254',5147.00,1283.00,62.00,10697.00),(568,'RM1256',8564.00,211.00,74.00,10092.00),(569,'RM1266',3055.00,775.00,90.00,6194.00),(570,'RM1283',3143.00,867.00,90.00,6076.00),(571,'RM1364',5487.00,217.00,43.00,10410.00),(572,'RM1399',5968.00,1303.00,36.00,18079.00),(573,'RM1416',2008.00,1313.00,59.00,20439.00),(574,'RM1426',4878.00,501.00,95.00,21653.00),(575,'RM014',2661.00,1346.00,93.00,8758.00),(576,'RM023',11994.00,419.00,53.00,21293.00),(577,'RM025',2960.00,699.00,83.00,17102.00),(578,'RM047',4568.00,1065.00,72.00,10034.00),(579,'RM085',4325.00,1153.00,94.00,17736.00),(580,'RM104',4809.00,665.00,41.00,12482.00),(581,'RM112',6074.00,658.00,66.00,22887.00),(582,'RM115',4505.00,1031.00,45.00,15000.00),(583,'RM117',11631.00,1354.00,45.00,5615.00),(584,'RM160',2231.00,303.00,75.00,11314.00),(585,'RM182',2311.00,629.00,95.00,5711.00),(586,'RM189',9547.00,1069.00,45.00,14074.00),(587,'RM203',3815.00,878.00,43.00,5972.00),(588,'RM248',5957.00,470.00,84.00,23687.00),(589,'RM379',5304.00,1362.00,67.00,4652.00),(590,'RM394',6538.00,1381.00,72.00,12740.00),(591,'RM416',2351.00,296.00,33.00,12253.00),(592,'RM433',2768.00,1303.00,62.00,8416.00),(593,'RM441',9950.00,988.00,43.00,11533.00),(594,'RM463',5337.00,258.00,74.00,19921.00),(595,'RM482',3622.00,254.00,83.00,22794.00),(596,'RM495',2579.00,204.00,31.00,2912.00),(597,'RM504',2691.00,1397.00,42.00,7660.00),(598,'RM525',8621.00,1442.00,46.00,17654.00),(599,'RM550',6142.00,970.00,96.00,7360.00),(600,'RM561',5121.00,167.00,32.00,4187.00),(601,'RM568',6274.00,304.00,60.00,18686.00),(602,'RM575',3280.00,182.00,72.00,13551.00),(603,'RM580',4381.00,121.00,86.00,7530.00),(604,'RM584',6500.00,1111.00,93.00,13305.00),(605,'RM607',2553.00,702.00,100.00,8306.00),(606,'RM614',3737.00,829.00,88.00,2243.00),(607,'RM672',2008.00,546.00,83.00,6896.00),(608,'RM758',9725.00,216.00,75.00,12278.00),(609,'RM764',2220.00,1333.00,87.00,18410.00),(610,'RM795',7756.00,618.00,45.00,22266.00),(611,'RM804',2979.00,697.00,40.00,22478.00),(612,'RM823',4033.00,1003.00,95.00,15834.00),(613,'RM835',5714.00,1400.00,70.00,5829.00),(614,'RM848',5343.00,669.00,97.00,25755.00),(615,'RM907',2585.00,1320.00,89.00,21643.00),(616,'RM918',4538.00,131.00,86.00,6039.00),(617,'RM921',4444.00,135.00,46.00,22534.00),(618,'RM924',4490.00,648.00,56.00,21833.00),(619,'RM959',8500.00,943.00,86.00,5494.00),(620,'RM965',6125.00,507.00,66.00,23553.00),(621,'RM978',2029.00,999.00,92.00,15891.00),(622,'RM980',5429.00,285.00,86.00,17491.00),(623,'RM984',6687.00,404.00,98.00,6163.00),(624,'RM1016',2996.00,560.00,91.00,20284.00),(625,'RM1028',3294.00,401.00,86.00,3708.00),(626,'RM1040',2742.00,1107.00,52.00,3072.00),(627,'RM1049',4759.00,1326.00,81.00,15891.00),(628,'RM1056',17007.00,829.00,71.00,11929.00),(629,'RM1059',4599.00,790.00,40.00,7815.00),(630,'RM1085',7083.00,971.00,64.00,12288.00),(631,'RM1088',2308.00,1440.00,55.00,4944.00),(632,'RM1116',2972.00,479.00,35.00,22061.00),(633,'RM1118',5484.00,1351.00,45.00,13008.00),(634,'RM1132',5063.00,653.00,92.00,15332.00),(635,'RM1147',4724.00,426.00,42.00,17000.00),(636,'RM1180',5433.00,1130.00,66.00,19332.00),(637,'RM1209',3986.00,1157.00,57.00,11912.00),(638,'RM1213',2929.00,678.00,35.00,20338.00),(639,'RM1253',2932.00,181.00,97.00,5586.00),(640,'RM1268',4001.00,1375.00,87.00,12313.00),(641,'RM1271',6029.00,511.00,32.00,25353.00),(642,'RM1291',5346.00,234.00,93.00,6208.00),(643,'RM1301',6799.00,810.00,92.00,22128.00),(644,'RM1343',9713.00,1480.00,64.00,24444.00),(645,'RM1354',2307.00,967.00,85.00,14460.00),(646,'RM1360',8103.00,735.00,75.00,16495.00),(647,'RM1369',5747.00,735.00,86.00,26496.00),(648,'RM1385',9888.00,937.00,32.00,6770.00),(649,'RM1386',8628.00,1239.00,39.00,22914.00),(650,'RM1447',6712.00,704.00,95.00,8978.00),(651,'RM1470',4404.00,628.00,82.00,10228.00),(652,'RM011',2426.00,809.00,84.00,16479.00),(653,'RM038',2014.00,890.00,97.00,9687.00),(654,'RM041',1951.00,464.00,75.00,10910.00),(655,'RM050',2269.00,1229.00,36.00,4892.00),(656,'RM054',9884.00,1097.00,79.00,8302.00),(657,'RM057',9069.00,853.00,71.00,11031.00),(658,'RM058',4014.00,1142.00,30.00,16002.00),(659,'RM069',2194.00,664.00,79.00,5868.00),(660,'RM077',4312.00,776.00,32.00,23016.00),(661,'RM082',2859.00,1214.00,30.00,26278.00),(662,'RM152',7295.00,662.00,94.00,11439.00),(663,'RM193',5916.00,556.00,50.00,15497.00),(664,'RM197',4425.00,138.00,37.00,15986.00),(665,'RM229',8789.00,944.00,92.00,9096.00),(666,'RM277',11996.00,1315.00,71.00,19100.00),(667,'RM298',8020.00,1232.00,96.00,5100.00),(668,'RM345',8095.00,1296.00,62.00,18264.00),(669,'RM373',6540.00,755.00,97.00,19394.00),(670,'RM431',4230.00,144.00,46.00,19225.00),(671,'RM439',7632.00,1276.00,72.00,14295.00),(672,'RM448',4717.00,619.00,85.00,18659.00),(673,'RM462',4859.00,195.00,80.00,6698.00),(674,'RM484',3681.00,538.00,54.00,14004.00),(675,'RM509',6646.00,1017.00,82.00,19368.00),(676,'RM516',1281.00,727.00,41.00,16900.00),(677,'RM558',5093.00,1225.00,61.00,4761.00),(678,'RM581',2572.00,384.00,72.00,20317.00),(679,'RM597',2506.00,1258.00,40.00,13301.00),(680,'RM612',10221.00,950.00,59.00,18869.00),(681,'RM621',2559.00,1343.00,53.00,17852.00),(682,'RM636',10685.00,607.00,66.00,23457.00),(683,'RM637',2022.00,130.00,96.00,16612.00),(684,'RM648',10903.00,672.00,78.00,9129.00),(685,'RM677',4014.00,1137.00,51.00,19170.00),(686,'RM699',4601.00,1219.00,86.00,6179.00),(687,'RM705',7823.00,882.00,92.00,6812.00),(688,'RM726',3743.00,622.00,39.00,10074.00),(689,'RM730',10388.00,583.00,57.00,6975.00),(690,'RM741',3917.00,802.00,45.00,9541.00),(691,'RM792',9582.00,1204.00,86.00,10333.00),(692,'RM821',4968.00,1182.00,54.00,18500.00),(693,'RM836',4323.00,528.00,100.00,7108.00),(694,'RM841',2258.00,982.00,58.00,16340.00),(695,'RM847',10274.00,819.00,44.00,19588.00),(696,'RM849',2376.00,636.00,47.00,26537.00),(697,'RM871',8966.00,1361.00,94.00,21026.00),(698,'RM889',10377.00,1212.00,78.00,13755.00),(699,'RM925',3506.00,735.00,66.00,6020.00),(700,'RM962',4249.00,482.00,87.00,2690.00),(701,'RM974',5363.00,817.00,60.00,10846.00),(702,'RM982',4614.00,662.00,67.00,23288.00),(703,'RM1003',9362.00,200.00,60.00,19944.00),(704,'RM1060',2404.00,660.00,76.00,16192.00),(705,'RM1082',8606.00,1029.00,91.00,21195.00),(706,'RM1101',2430.00,1402.00,98.00,26204.00),(707,'RM1109',2450.00,992.00,68.00,21731.00),(708,'RM1111',2074.00,104.00,69.00,26619.00),(709,'RM1124',6142.00,670.00,51.00,4223.00),(710,'RM1131',3407.00,750.00,46.00,25348.00),(711,'RM1135',2690.00,1349.00,63.00,7713.00),(712,'RM1151',5208.00,819.00,48.00,26312.00),(713,'RM1158',4148.00,208.00,52.00,12250.00),(714,'RM1163',10306.00,737.00,55.00,21530.00),(715,'RM1168',5440.00,763.00,59.00,22098.00),(716,'RM1187',4581.00,880.00,36.00,10414.00),(717,'RM1216',4930.00,146.00,79.00,13970.00),(718,'RM1233',6883.00,1370.00,49.00,5151.00),(719,'RM1282',5813.00,303.00,84.00,13492.00),(720,'RM1289',5762.00,1180.00,90.00,24442.00),(721,'RM1303',2705.00,185.00,91.00,9696.00),(722,'RM1346',4788.00,219.00,44.00,25388.00),(723,'RM1381',5561.00,682.00,71.00,15975.00),(724,'RM1393',5204.00,1224.00,55.00,13586.00),(725,'RM1423',2660.00,1490.00,43.00,20232.00),(726,'RM1425',5098.00,1395.00,48.00,18698.00),(727,'RM1451',8837.00,1146.00,31.00,16642.00),(728,'RM1457',5689.00,1199.00,80.00,24594.00),(729,'RM1459',2977.00,287.00,62.00,8952.00),(730,'RM010',5237.00,1299.00,94.00,16577.00),(731,'RM022',3407.00,1218.00,82.00,6986.00),(732,'RM039',3419.00,852.00,82.00,13072.00),(733,'RM065',10096.00,1223.00,59.00,8202.00),(734,'RM067',6499.00,1195.00,95.00,22656.00),(735,'RM070',3388.00,318.00,79.00,21777.00),(736,'RM075',3038.00,132.00,55.00,22002.00),(737,'RM118',9738.00,1467.00,92.00,22952.00),(738,'RM119',2835.00,922.00,39.00,2561.00),(739,'RM136',4941.00,216.00,84.00,2819.00),(740,'RM173',2088.00,1480.00,30.00,15062.00),(741,'RM208',2153.00,635.00,73.00,7703.00),(742,'RM221',5914.00,1396.00,62.00,9945.00),(743,'RM270',3210.00,1403.00,47.00,20251.00),(744,'RM292',4485.00,506.00,30.00,26285.00),(745,'RM299',3688.00,566.00,81.00,7122.00),(746,'RM306',5674.00,1105.00,47.00,6927.00),(747,'RM359',6653.00,845.00,45.00,15276.00),(748,'RM360',9699.00,541.00,48.00,7246.00),(749,'RM378',2543.00,329.00,96.00,11868.00),(750,'RM385',7596.00,164.00,61.00,3809.00),(751,'RM443',9980.00,635.00,32.00,15318.00),(752,'RM512',8847.00,913.00,48.00,13934.00),(753,'RM542',11713.00,427.00,63.00,20335.00),(754,'RM570',7587.00,1434.00,76.00,14229.00),(755,'RM594',5228.00,676.00,35.00,23361.00),(756,'RM600',2143.00,1041.00,36.00,25527.00),(757,'RM622',6201.00,928.00,56.00,2823.00),(758,'RM634',2342.00,1278.00,77.00,8635.00),(759,'RM665',6586.00,1425.00,68.00,4821.00),(760,'RM681',4678.00,188.00,65.00,23293.00),(761,'RM688',2519.00,938.00,79.00,12287.00),(762,'RM694',10325.00,530.00,51.00,5518.00),(763,'RM709',5079.00,1229.00,84.00,25952.00),(764,'RM753',2743.00,885.00,43.00,8269.00),(765,'RM762',4834.00,660.00,81.00,7858.00),(766,'RM774',8858.00,796.00,51.00,15669.00),(767,'RM818',7779.00,217.00,78.00,23238.00),(768,'RM874',2741.00,917.00,60.00,6865.00),(769,'RM883',10252.00,363.00,77.00,4235.00),(770,'RM901',3692.00,469.00,46.00,9256.00),(771,'RM928',5410.00,429.00,53.00,2323.00),(772,'RM943',7094.00,325.00,63.00,5747.00),(773,'RM969',4639.00,607.00,83.00,2261.00),(774,'RM1012',9278.00,1174.00,99.00,20763.00),(775,'RM1019',5810.00,172.00,37.00,22604.00),(776,'RM1020',5647.00,329.00,98.00,13494.00),(777,'RM1103',2644.00,1157.00,70.00,17001.00),(778,'RM1122',6815.00,884.00,73.00,21447.00),(779,'RM1129',5562.00,1302.00,80.00,19711.00),(780,'RM1146',4663.00,559.00,76.00,12421.00),(781,'RM1174',8008.00,711.00,42.00,22792.00),(782,'RM1181',2013.00,311.00,77.00,10950.00),(783,'RM1183',4374.00,894.00,33.00,15411.00),(784,'RM1184',6842.00,1040.00,79.00,26308.00),(785,'RM1200',5347.00,1351.00,80.00,7419.00),(786,'RM1221',4502.00,530.00,51.00,7439.00),(787,'RM1237',6134.00,1456.00,96.00,8658.00),(788,'RM1279',8321.00,1383.00,90.00,25949.00),(789,'RM1316',6962.00,430.00,73.00,19573.00),(790,'RM1341',5673.00,1266.00,63.00,6060.00),(791,'RM1348',3886.00,1213.00,94.00,4223.00),(792,'RM1356',5507.00,335.00,33.00,16822.00),(793,'RM1384',2810.00,1351.00,66.00,9238.00),(794,'RM1440',7644.00,557.00,94.00,12695.00),(795,'RM1441',5131.00,688.00,97.00,9192.00),(796,'RM1448',5406.00,301.00,88.00,10436.00),(797,'RM1454',6652.00,1120.00,100.00,14369.00),(798,'RM1466',2571.00,884.00,41.00,12290.00),(799,'RM003',2090.00,1373.00,92.00,2396.00),(800,'RM048',3022.00,408.00,73.00,10227.00),(801,'RM060',5993.00,1115.00,51.00,2689.00),(802,'RM079',13664.00,397.00,30.00,25258.00),(803,'RM101',2073.00,807.00,63.00,23648.00),(804,'RM105',5163.00,1040.00,100.00,15850.00),(805,'RM116',7428.00,1189.00,87.00,14506.00),(806,'RM196',3564.00,290.00,65.00,22977.00),(807,'RM223',12185.00,663.00,47.00,10056.00),(808,'RM227',2793.00,319.00,41.00,2539.00),(809,'RM249',3920.00,1017.00,83.00,18697.00),(810,'RM251',10048.00,504.00,61.00,22573.00),(811,'RM274',6502.00,228.00,98.00,22825.00),(812,'RM276',13603.00,728.00,80.00,11677.00),(813,'RM286',2115.00,1372.00,42.00,15881.00),(814,'RM295',2326.00,889.00,53.00,11411.00),(815,'RM341',6347.00,1192.00,61.00,23177.00),(816,'RM354',5974.00,1319.00,51.00,17001.00),(817,'RM365',3452.00,921.00,98.00,17663.00),(818,'RM387',3034.00,1107.00,95.00,26914.00),(819,'RM390',4197.00,1305.00,49.00,21123.00),(820,'RM399',4449.00,1063.00,72.00,23866.00),(821,'RM465',7491.00,799.00,59.00,23848.00),(822,'RM468',8834.00,142.00,69.00,24666.00),(823,'RM473',6447.00,446.00,65.00,15701.00),(824,'RM487',9602.00,558.00,75.00,3010.00),(825,'RM507',9434.00,482.00,36.00,9606.00),(826,'RM523',4680.00,1225.00,80.00,15232.00),(827,'RM578',2782.00,571.00,82.00,19905.00),(828,'RM629',6334.00,342.00,66.00,24558.00),(829,'RM649',2973.00,1231.00,54.00,21222.00),(830,'RM653',7642.00,1252.00,32.00,4814.00),(831,'RM696',10609.00,625.00,46.00,14922.00),(832,'RM745',4777.00,1141.00,61.00,14382.00),(833,'RM768',4107.00,124.00,35.00,13848.00),(834,'RM796',6694.00,309.00,88.00,24223.00),(835,'RM833',5731.00,367.00,52.00,17171.00),(836,'RM856',6474.00,977.00,56.00,9961.00),(837,'RM990',2996.00,1439.00,54.00,5182.00),(838,'RM1002',3629.00,1462.00,94.00,19106.00),(839,'RM1023',3500.00,1413.00,84.00,25470.00),(840,'RM1090',4285.00,674.00,47.00,3031.00),(841,'RM1159',5768.00,671.00,85.00,26493.00),(842,'RM1164',3936.00,1470.00,71.00,9953.00),(843,'RM1212',9525.00,1278.00,31.00,7677.00),(844,'RM1277',4189.00,589.00,46.00,8800.00),(845,'RM1281',4071.00,1239.00,89.00,12832.00),(846,'RM1292',4213.00,370.00,58.00,4992.00),(847,'RM1345',4284.00,783.00,78.00,13588.00),(848,'RM1433',13744.00,161.00,42.00,15471.00),(849,'RM009',9526.00,216.00,44.00,8787.00),(850,'RM020',3944.00,371.00,45.00,4306.00),(851,'RM062',2406.00,653.00,50.00,5456.00),(852,'RM084',5329.00,573.00,79.00,15717.00),(853,'RM143',4317.00,364.00,32.00,2302.00),(854,'RM169',8686.00,702.00,59.00,12930.00),(855,'RM180',2288.00,1380.00,75.00,6319.00),(856,'RM199',6553.00,1261.00,88.00,7259.00),(857,'RM200',6261.00,1084.00,54.00,4185.00),(858,'RM205',6673.00,1180.00,70.00,11354.00),(859,'RM224',10609.00,119.00,76.00,9647.00),(860,'RM262',5249.00,1327.00,39.00,19682.00),(861,'RM278',5605.00,322.00,44.00,19191.00),(862,'RM288',5745.00,688.00,82.00,18899.00),(863,'RM308',12061.00,849.00,81.00,26707.00),(864,'RM342',11510.00,343.00,92.00,15682.00),(865,'RM417',1702.00,1490.00,42.00,12106.00),(866,'RM472',9824.00,1495.00,76.00,22174.00),(867,'RM491',2619.00,362.00,43.00,14561.00),(868,'RM519',4028.00,243.00,46.00,7791.00),(869,'RM530',7625.00,827.00,33.00,19383.00),(870,'RM543',7861.00,168.00,81.00,15397.00),(871,'RM560',3057.00,268.00,92.00,20471.00),(872,'RM579',5980.00,240.00,75.00,26085.00),(873,'RM606',6288.00,471.00,45.00,4284.00),(874,'RM643',2899.00,395.00,98.00,12102.00),(875,'RM682',13582.00,1333.00,80.00,16292.00),(876,'RM704',5666.00,152.00,85.00,19899.00),(877,'RM723',2684.00,1391.00,66.00,12127.00),(878,'RM748',6861.00,1035.00,42.00,4981.00),(879,'RM766',2821.00,1186.00,44.00,2997.00),(880,'RM785',8823.00,330.00,65.00,24608.00),(881,'RM808',8740.00,770.00,73.00,5569.00),(882,'RM812',7351.00,130.00,32.00,20619.00),(883,'RM827',2844.00,433.00,37.00,6004.00),(884,'RM964',6893.00,1009.00,31.00,19461.00),(885,'RM983',2610.00,693.00,57.00,15748.00),(886,'RM1108',6077.00,888.00,71.00,14814.00),(887,'RM1113',4855.00,903.00,81.00,7653.00),(888,'RM1120',9924.00,1245.00,80.00,12355.00),(889,'RM1121',4198.00,437.00,90.00,16379.00),(890,'RM1162',7756.00,397.00,54.00,14199.00),(891,'RM1188',4735.00,1189.00,90.00,9867.00),(892,'RM1194',2440.00,148.00,42.00,23826.00),(893,'RM1203',3306.00,1495.00,87.00,26176.00),(894,'RM1257',2468.00,594.00,75.00,15963.00),(895,'RM1262',5811.00,833.00,60.00,24539.00),(896,'RM1273',3702.00,1153.00,40.00,16376.00),(897,'RM1290',2592.00,1336.00,100.00,7129.00),(898,'RM1309',5405.00,723.00,77.00,4244.00),(899,'RM1374',2133.00,1394.00,58.00,18115.00),(900,'RM1377',4771.00,1206.00,71.00,14293.00),(901,'RM1392',2858.00,1404.00,59.00,11473.00),(902,'RM1401',2991.00,1444.00,88.00,5224.00),(903,'RM1417',4440.00,1321.00,86.00,7636.00),(904,'RM1419',5321.00,508.00,72.00,14284.00),(905,'RM1431',13206.00,201.00,99.00,3376.00),(906,'RM1452',5343.00,345.00,100.00,5982.00),(907,'RM034',2086.00,895.00,56.00,3335.00),(908,'RM138',5902.00,1329.00,47.00,14590.00),(909,'RM241',2232.00,1431.00,96.00,15417.00),(910,'RM252',10938.00,505.00,64.00,6420.00),(911,'RM305',9613.00,1132.00,48.00,10942.00),(912,'RM315',17068.00,117.00,99.00,5355.00),(913,'RM327',19272.00,672.00,54.00,21141.00),(914,'RM328',5238.00,1162.00,41.00,17778.00),(915,'RM401',19197.00,1218.00,52.00,8213.00),(916,'RM450',3755.00,443.00,48.00,17872.00),(917,'RM527',4553.00,408.00,80.00,20978.00),(918,'RM552',6389.00,141.00,44.00,18767.00),(919,'RM655',5204.00,1383.00,42.00,7790.00),(920,'RM670',2404.00,1122.00,70.00,4303.00),(921,'RM706',7880.00,903.00,41.00,2560.00),(922,'RM739',12742.00,466.00,65.00,7060.00),(923,'RM754',10880.00,945.00,82.00,5083.00),(924,'RM814',12169.00,203.00,84.00,13547.00),(925,'RM817',6782.00,439.00,70.00,8770.00),(926,'RM938',17123.00,412.00,94.00,17334.00),(927,'RM941',3904.00,360.00,93.00,22154.00),(928,'RM950',4534.00,524.00,32.00,13352.00),(929,'RM987',6120.00,1498.00,44.00,3567.00),(930,'RM993',10920.00,1485.00,71.00,3449.00),(931,'RM1033',3646.00,592.00,54.00,17181.00),(932,'RM1080',8376.00,1089.00,32.00,9150.00),(933,'RM1125',8237.00,1462.00,38.00,4658.00),(934,'RM1149',5377.00,1387.00,76.00,3835.00),(935,'RM1156',3069.00,170.00,76.00,10302.00),(936,'RM1160',5042.00,711.00,81.00,3140.00),(937,'RM1176',5295.00,492.00,66.00,7693.00),(938,'RM1241',6472.00,792.00,77.00,8989.00),(939,'RM1285',13464.00,1253.00,65.00,7914.00),(940,'RM1293',4127.00,766.00,83.00,19188.00),(941,'RM1336',3902.00,835.00,41.00,5141.00),(942,'RM1367',5736.00,1251.00,32.00,3987.00),(943,'RM1373',5151.00,867.00,87.00,12315.00),(944,'RM1404',13341.00,119.00,77.00,25098.00),(945,'RM1430',4108.00,116.00,52.00,5340.00),(946,'RM1438',19431.00,105.00,87.00,15302.00),(947,'RM1463',12031.00,722.00,60.00,8828.00),(948,'RM1467',9991.00,613.00,42.00,21457.00),(949,'RM091',13503.00,530.00,78.00,14115.00),(950,'RM151',5605.00,1395.00,54.00,8504.00),(951,'RM159',10855.00,630.00,67.00,8552.00),(952,'RM187',19033.00,989.00,46.00,6499.00),(953,'RM204',2741.00,905.00,99.00,16523.00),(954,'RM209',4876.00,1151.00,63.00,14242.00),(955,'RM244',3319.00,1300.00,62.00,24447.00),(956,'RM258',19436.00,1416.00,49.00,5949.00),(957,'RM336',7457.00,1124.00,57.00,13273.00),(958,'RM362',2213.00,1171.00,46.00,22495.00),(959,'RM369',6380.00,575.00,68.00,6110.00),(960,'RM388',5715.00,759.00,46.00,22553.00),(961,'RM392',3448.00,555.00,78.00,13436.00),(962,'RM418',18041.00,1398.00,79.00,13022.00),(963,'RM449',13237.00,302.00,75.00,20364.00),(964,'RM459',10932.00,1094.00,58.00,11373.00),(965,'RM534',10475.00,580.00,48.00,23772.00),(966,'RM554',2342.00,804.00,86.00,22929.00),(967,'RM583',4244.00,791.00,38.00,9931.00),(968,'RM602',5094.00,720.00,51.00,11983.00),(969,'RM685',9705.00,658.00,67.00,20652.00),(970,'RM692',3617.00,1469.00,35.00,25063.00),(971,'RM707',13194.00,1479.00,100.00,17071.00),(972,'RM769',8396.00,300.00,74.00,22217.00),(973,'RM786',10322.00,1492.00,61.00,26542.00),(974,'RM815',19626.00,1308.00,44.00,17544.00),(975,'RM838',13499.00,593.00,88.00,13782.00),(976,'RM846',4422.00,902.00,92.00,21203.00),(977,'RM867',4327.00,1184.00,62.00,25440.00),(978,'RM885',6852.00,107.00,84.00,11591.00),(979,'RM947',9094.00,299.00,57.00,17235.00),(980,'RM958',3544.00,458.00,74.00,8532.00),(981,'RM960',4661.00,523.00,98.00,22455.00),(982,'RM968',2387.00,329.00,88.00,6762.00),(983,'RM979',6377.00,1202.00,89.00,13888.00),(984,'RM1030',3975.00,663.00,81.00,23099.00),(985,'RM1041',13757.00,218.00,55.00,25178.00),(986,'RM1046',2345.00,896.00,68.00,8045.00),(987,'RM1084',2018.00,676.00,86.00,21831.00),(988,'RM1095',5473.00,1342.00,47.00,19345.00),(989,'RM1097',16437.00,898.00,38.00,17381.00),(990,'RM1099',4069.00,1142.00,72.00,8841.00),(991,'RM1133',4639.00,118.00,84.00,11262.00),(992,'RM1157',10435.00,884.00,80.00,25800.00),(993,'RM1165',7945.00,448.00,84.00,19948.00),(994,'RM1172',2166.00,1329.00,73.00,3339.00),(995,'RM1230',6516.00,369.00,92.00,5041.00),(996,'RM1243',19833.00,611.00,88.00,4349.00),(997,'RM1287',3377.00,616.00,99.00,25605.00),(998,'RM1300',6513.00,1194.00,52.00,9060.00),(999,'RM1305',4448.00,750.00,47.00,10748.00),(1000,'RM1349',16823.00,1137.00,98.00,18991.00),(1001,'RM1410',6323.00,692.00,73.00,26849.00),(1002,'RM1411',5677.00,444.00,92.00,4258.00),(1003,'RM1428',2406.00,543.00,83.00,4060.00),(1004,'RM1456',2809.00,1322.00,52.00,2725.00),(1005,'RM1458',2001.00,1194.00,98.00,12549.00),(1006,'RM001',5993.00,1102.00,94.00,19479.00),(1007,'RM046',19545.00,1360.00,49.00,16280.00),(1008,'RM134',8189.00,802.00,96.00,21196.00),(1009,'RM148',17181.00,857.00,91.00,12888.00),(1010,'RM149',2238.00,933.00,94.00,6961.00),(1011,'RM167',2451.00,465.00,56.00,4609.00),(1012,'RM183',3140.00,1356.00,70.00,21728.00),(1013,'RM216',13591.00,896.00,75.00,14674.00),(1014,'RM243',3072.00,1411.00,36.00,19877.00),(1015,'RM301',16015.00,334.00,88.00,15896.00),(1016,'RM347',6032.00,483.00,95.00,10110.00),(1017,'RM367',9355.00,143.00,56.00,9558.00),(1018,'RM404',8392.00,645.00,49.00,19566.00),(1019,'RM447',6230.00,267.00,56.00,13430.00),(1020,'RM460',6811.00,509.00,62.00,2112.00),(1021,'RM467',16595.00,1276.00,91.00,5626.00),(1022,'RM536',19141.00,427.00,73.00,8861.00),(1023,'RM539',19189.00,314.00,59.00,19562.00),(1024,'RM668',2778.00,1085.00,57.00,17725.00),(1025,'RM687',4721.00,263.00,59.00,3119.00),(1026,'RM717',19419.00,840.00,64.00,3735.00),(1027,'RM738',5003.00,549.00,42.00,23371.00),(1028,'RM747',19973.00,247.00,55.00,20284.00),(1029,'RM784',3376.00,509.00,43.00,18863.00),(1030,'RM831',4766.00,167.00,46.00,9051.00),(1031,'RM865',2107.00,906.00,95.00,20293.00),(1032,'RM952',6151.00,256.00,40.00,22074.00),(1033,'RM961',4103.00,1018.00,66.00,4297.00),(1034,'RM989',5467.00,1200.00,75.00,13953.00),(1035,'RM1029',2127.00,1283.00,90.00,5561.00),(1036,'RM1197',7082.00,1206.00,80.00,11591.00),(1037,'RM1219',9241.00,918.00,35.00,15869.00),(1038,'RM1229',6430.00,552.00,60.00,20794.00),(1039,'RM1267',2289.00,548.00,94.00,20520.00),(1040,'RM1295',6870.00,447.00,85.00,15530.00),(1041,'RM1296',10447.00,796.00,81.00,26458.00),(1042,'RM1357',4393.00,337.00,54.00,26841.00),(1043,'RM1421',2782.00,642.00,76.00,21412.00),(1044,'RM1446',13570.00,582.00,60.00,5640.00),(1045,'RM1449',8938.00,930.00,57.00,12227.00),(1046,'RM028',6825.00,691.00,48.00,21173.00),(1047,'RM198',5265.00,926.00,36.00,16439.00),(1048,'RM232',19232.00,532.00,58.00,4933.00),(1049,'RM254',6545.00,916.00,82.00,23016.00),(1050,'RM257',2593.00,269.00,56.00,8007.00),(1051,'RM282',4907.00,635.00,99.00,24532.00),(1052,'RM296',13525.00,555.00,77.00,14864.00),(1053,'RM349',15992.00,810.00,44.00,15901.00),(1054,'RM351',2696.00,544.00,52.00,24017.00),(1055,'RM357',6781.00,1332.00,98.00,17078.00),(1056,'RM389',2576.00,201.00,95.00,20490.00),(1057,'RM410',4556.00,532.00,92.00,12932.00),(1058,'RM414',4523.00,1368.00,88.00,4386.00),(1059,'RM442',2093.00,1474.00,97.00,9260.00),(1060,'RM452',7406.00,319.00,56.00,6950.00),(1061,'RM489',4089.00,622.00,81.00,5718.00),(1062,'RM548',2759.00,933.00,57.00,20366.00),(1063,'RM585',18430.00,570.00,66.00,16225.00),(1064,'RM598',6062.00,932.00,43.00,4051.00),(1065,'RM605',4434.00,933.00,98.00,11806.00),(1066,'RM633',2515.00,1271.00,35.00,9068.00),(1067,'RM644',5231.00,1265.00,95.00,23726.00),(1068,'RM673',6244.00,462.00,68.00,7824.00),(1069,'RM742',18303.00,265.00,90.00,7770.00),(1070,'RM800',17665.00,469.00,35.00,14399.00),(1071,'RM825',4272.00,188.00,56.00,9558.00),(1072,'RM839',13758.00,481.00,44.00,2447.00),(1073,'RM840',5155.00,647.00,45.00,2253.00),(1074,'RM879',6272.00,179.00,79.00,12858.00),(1075,'RM888',13191.00,458.00,60.00,23281.00),(1076,'RM926',2372.00,603.00,78.00,5628.00),(1077,'RM955',17861.00,495.00,37.00,26582.00),(1078,'RM1000',16799.00,1147.00,31.00,16616.00),(1079,'RM1051',3673.00,748.00,74.00,16458.00),(1080,'RM1089',4841.00,1210.00,68.00,24052.00),(1081,'RM1094',10124.00,288.00,40.00,18611.00),(1082,'RM1130',19613.00,1059.00,93.00,26362.00),(1083,'RM1264',2766.00,855.00,57.00,8952.00),(1084,'RM1288',5538.00,1128.00,95.00,5696.00),(1085,'RM1321',2936.00,355.00,38.00,6161.00),(1086,'RM1326',3968.00,1142.00,81.00,13624.00),(1087,'RM1358',13348.00,1396.00,83.00,14842.00),(1088,'RM1379',5087.00,419.00,77.00,2900.00),(1089,'RM1405',4332.00,335.00,37.00,14811.00),(1090,'RM1420',5410.00,557.00,35.00,11189.00),(1091,'RM1444',18880.00,300.00,56.00,17312.00),(1092,'RM036',2645.00,1273.00,72.00,21923.00),(1093,'RM120',16959.00,394.00,92.00,19494.00),(1094,'RM131',4739.00,957.00,72.00,16090.00),(1095,'RM194',2089.00,1344.00,37.00,5228.00),(1096,'RM236',16064.00,1034.00,80.00,7744.00),(1097,'RM316',2455.00,185.00,33.00,10675.00),(1098,'RM331',5257.00,559.00,82.00,6227.00),(1099,'RM334',9985.00,1001.00,43.00,9262.00),(1100,'RM391',14336.00,982.00,59.00,4345.00),(1101,'RM396',2258.00,313.00,61.00,15238.00),(1102,'RM397',4522.00,1473.00,74.00,2227.00),(1103,'RM490',16627.00,782.00,50.00,2671.00),(1104,'RM492',5679.00,1001.00,72.00,19627.00),(1105,'RM549',6804.00,775.00,47.00,23683.00),(1106,'RM610',17159.00,589.00,94.00,5200.00),(1107,'RM651',5562.00,422.00,33.00,21782.00),(1108,'RM662',4765.00,177.00,55.00,23814.00),(1109,'RM776',10798.00,415.00,79.00,5268.00),(1110,'RM813',10820.00,1082.00,83.00,11535.00),(1111,'RM850',5346.00,1372.00,85.00,9489.00),(1112,'RM899',19740.00,920.00,96.00,18625.00),(1113,'RM927',10231.00,531.00,56.00,20364.00),(1114,'RM996',4081.00,930.00,73.00,20003.00),(1115,'RM1134',4876.00,990.00,87.00,5855.00),(1116,'RM1186',17603.00,1291.00,65.00,3525.00),(1117,'RM1217',7847.00,1179.00,73.00,6069.00),(1118,'RM1263',2437.00,807.00,38.00,15587.00),(1119,'RM1270',3539.00,244.00,97.00,5033.00),(1120,'RM1294',2438.00,343.00,52.00,24978.00),(1121,'RM1317',5675.00,1422.00,92.00,19246.00),(1122,'RM1331',19392.00,823.00,81.00,22539.00),(1123,'RM1400',7510.00,574.00,30.00,16873.00),(1124,'RM029',10248.00,477.00,42.00,2094.00),(1125,'RM032',6465.00,1459.00,41.00,19121.00),(1126,'RM053',5454.00,1488.00,75.00,4009.00),(1127,'RM100',2042.00,489.00,67.00,25043.00),(1128,'RM287',3161.00,920.00,43.00,19920.00),(1129,'RM494',5985.00,1112.00,50.00,26894.00),(1130,'RM498',19513.00,1315.00,35.00,9358.00),(1131,'RM544',3708.00,381.00,49.00,2104.00),(1132,'RM618',5933.00,625.00,50.00,5197.00),(1133,'RM632',2818.00,986.00,62.00,5044.00),(1134,'RM659',2559.00,661.00,61.00,7508.00),(1135,'RM751',13320.00,1448.00,53.00,11737.00),(1136,'RM790',10482.00,1376.00,91.00,2326.00),(1137,'RM858',2936.00,1097.00,96.00,10826.00),(1138,'RM863',2290.00,111.00,74.00,4279.00),(1139,'RM876',4541.00,200.00,32.00,7744.00),(1140,'RM892',2011.00,1117.00,72.00,19982.00),(1141,'RM908',18213.00,1099.00,88.00,8751.00),(1142,'RM923',19190.00,1199.00,92.00,17477.00),(1143,'RM929',7978.00,621.00,73.00,14075.00),(1144,'RM954',2362.00,935.00,89.00,14669.00),(1145,'RM1043',3162.00,981.00,90.00,7973.00),(1146,'RM1047',3420.00,1467.00,49.00,21158.00),(1147,'RM1052',4768.00,383.00,79.00,9282.00),(1148,'RM1063',10209.00,1193.00,86.00,19719.00),(1149,'RM1079',16328.00,136.00,32.00,22074.00),(1150,'RM1141',19049.00,1313.00,31.00,3549.00),(1151,'RM1166',5743.00,602.00,37.00,10503.00),(1152,'RM1201',3195.00,528.00,44.00,4167.00),(1153,'RM1215',7879.00,921.00,96.00,14810.00),(1154,'RM1280',2342.00,429.00,99.00,11092.00),(1155,'RM1353',5033.00,170.00,78.00,9364.00),(1156,'RM1436',2436.00,1037.00,42.00,13422.00),(1157,'RM068',9724.00,1339.00,59.00,18787.00),(1158,'RM078',13245.00,193.00,52.00,15067.00),(1159,'RM142',3452.00,1316.00,83.00,9752.00),(1160,'RM154',2348.00,194.00,60.00,10901.00),(1161,'RM175',5006.00,1268.00,30.00,6319.00),(1162,'RM195',16792.00,1195.00,65.00,20462.00),(1163,'RM219',8865.00,1052.00,57.00,16840.00),(1164,'RM245',19202.00,252.00,70.00,15970.00),(1165,'RM250',6434.00,1199.00,77.00,5118.00),(1166,'RM269',13496.00,1385.00,79.00,7501.00),(1167,'RM312',5210.00,1249.00,97.00,20308.00),(1168,'RM335',3697.00,549.00,75.00,9278.00),(1169,'RM408',2654.00,192.00,69.00,9655.00),(1170,'RM453',4805.00,561.00,61.00,16177.00),(1171,'RM505',4286.00,306.00,100.00,5630.00),(1172,'RM565',6632.00,954.00,46.00,12388.00),(1173,'RM604',2274.00,252.00,95.00,6153.00),(1174,'RM626',10761.00,930.00,74.00,19239.00),(1175,'RM697',4447.00,805.00,57.00,23163.00),(1176,'RM714',2270.00,974.00,91.00,11005.00),(1177,'RM719',3633.00,248.00,42.00,14039.00),(1178,'RM756',17650.00,1234.00,90.00,5404.00),(1179,'RM760',2177.00,788.00,36.00,8318.00),(1180,'RM806',5593.00,1050.00,65.00,17970.00),(1181,'RM855',4477.00,1457.00,83.00,20100.00),(1182,'RM914',18824.00,1449.00,94.00,2493.00),(1183,'RM937',18061.00,364.00,83.00,13035.00),(1184,'RM1035',10851.00,1038.00,95.00,19863.00),(1185,'RM1038',9380.00,1448.00,55.00,14720.00),(1186,'RM1093',2132.00,950.00,97.00,4585.00),(1187,'RM1100',7441.00,538.00,66.00,20933.00),(1188,'RM1143',5769.00,1015.00,50.00,23447.00),(1189,'RM1144',4385.00,336.00,52.00,24162.00),(1190,'RM1161',5770.00,1329.00,59.00,5388.00),(1191,'RM1222',10748.00,1238.00,74.00,3395.00),(1192,'RM1226',16704.00,1005.00,48.00,17119.00),(1193,'RM1244',9756.00,176.00,56.00,6595.00),(1194,'RM1315',5154.00,589.00,67.00,19665.00),(1195,'RM1347',5906.00,556.00,93.00,23888.00),(1196,'RM1363',5399.00,1297.00,44.00,14511.00),(1197,'RM1455',4850.00,374.00,50.00,23333.00),(1198,'RM030',18947.00,705.00,83.00,22822.00),(1199,'RM049',5772.00,1211.00,98.00,20445.00),(1200,'RM080',5021.00,945.00,80.00,10425.00),(1201,'RM090',9619.00,669.00,64.00,13596.00),(1202,'RM094',10673.00,638.00,40.00,3142.00),(1203,'RM179',10453.00,526.00,92.00,2137.00),(1204,'RM210',9396.00,644.00,97.00,12368.00),(1205,'RM264',16872.00,488.00,75.00,14977.00),(1206,'RM366',5258.00,1144.00,30.00,16044.00),(1207,'RM413',4810.00,1485.00,87.00,26314.00),(1208,'RM430',17861.00,1009.00,51.00,2288.00),(1209,'RM434',9071.00,1125.00,94.00,11563.00),(1210,'RM466',10527.00,1034.00,86.00,8984.00),(1211,'RM724',10845.00,566.00,75.00,24208.00),(1212,'RM771',19627.00,430.00,40.00,21445.00),(1213,'RM779',4615.00,1003.00,74.00,21029.00),(1214,'RM811',17465.00,406.00,52.00,15596.00),(1215,'RM862',17048.00,1402.00,69.00,24097.00),(1216,'RM870',19081.00,1450.00,52.00,10849.00),(1217,'RM878',7379.00,150.00,60.00,17433.00),(1218,'RM917',18789.00,168.00,33.00,9946.00),(1219,'RM944',3423.00,991.00,44.00,22957.00),(1220,'RM1032',10096.00,377.00,52.00,15986.00),(1221,'RM1081',16606.00,228.00,51.00,11380.00),(1222,'RM1136',17567.00,563.00,56.00,3156.00),(1223,'RM1232',5562.00,717.00,34.00,9697.00),(1224,'RM1236',10368.00,1277.00,74.00,5596.00),(1225,'RM1278',19328.00,734.00,46.00,14218.00),(1226,'RM1286',7991.00,849.00,98.00,25166.00),(1227,'RM1299',8926.00,261.00,66.00,10842.00),(1228,'RM1323',8578.00,706.00,82.00,19989.00),(1229,'RM1328',13225.00,1319.00,45.00,7739.00),(1230,'RM1334',7314.00,1254.00,64.00,14011.00),(1231,'RM272',11849.00,666.00,88.00,10268.00),(1232,'RM330',18300.00,1482.00,42.00,16375.00),(1233,'RM348',2976.00,1309.00,99.00,25751.00),(1234,'RM429',5070.00,983.00,65.00,7389.00),(1235,'RM533',4960.00,703.00,42.00,11825.00),(1236,'RM545',13770.00,217.00,49.00,10225.00),(1237,'RM567',6397.00,719.00,77.00,10339.00),(1238,'RM593',16752.00,202.00,33.00,12982.00),(1239,'RM652',4537.00,249.00,35.00,17783.00),(1240,'RM666',3294.00,1454.00,65.00,13137.00),(1241,'RM708',5067.00,1379.00,64.00,6759.00),(1242,'RM720',4163.00,955.00,83.00,8571.00),(1243,'RM1021',3420.00,465.00,74.00,10205.00),(1244,'RM1025',17169.00,359.00,82.00,26703.00),(1245,'RM1068',4591.00,571.00,78.00,24200.00),(1246,'RM1155',19658.00,1176.00,98.00,5220.00),(1247,'RM1195',15972.00,1225.00,47.00,21086.00),(1248,'RM1224',12936.00,1093.00,82.00,24164.00),(1249,'RM1235',4978.00,543.00,87.00,3536.00),(1250,'RM1304',10333.00,1001.00,92.00,19271.00),(1251,'RM1322',2105.00,207.00,64.00,5411.00),(1252,'RM1371',5467.00,1169.00,64.00,2125.00),(1253,'RM1415',8633.00,1180.00,84.00,13084.00),(1254,'RM1422',11957.00,1162.00,98.00,17231.00),(1255,'RM051',5381.00,626.00,98.00,19294.00),(1256,'RM353',12504.00,530.00,91.00,23978.00),(1257,'RM445',4051.00,163.00,37.00,19658.00),(1258,'RM493',15402.00,1236.00,40.00,17997.00),(1259,'RM521',8120.00,817.00,56.00,18597.00),(1260,'RM679',2259.00,1469.00,51.00,5543.00),(1261,'RM736',4240.00,277.00,97.00,13119.00),(1262,'RM737',10999.00,1355.00,78.00,22245.00),(1263,'RM805',16885.00,1262.00,35.00,16154.00),(1264,'RM902',2559.00,969.00,76.00,16620.00),(1265,'RM905',18265.00,715.00,76.00,8733.00),(1266,'RM970',7898.00,855.00,54.00,18706.00),(1267,'RM1039',5486.00,1221.00,96.00,24795.00),(1268,'RM1104',6439.00,492.00,96.00,13693.00),(1269,'RM1115',2367.00,1108.00,65.00,16530.00),(1270,'RM1167',15202.00,365.00,89.00,5602.00),(1271,'RM1205',2655.00,708.00,95.00,11740.00),(1272,'RM1332',19665.00,1224.00,91.00,13583.00),(1273,'RM1352',17174.00,117.00,58.00,2437.00),(1274,'RM002',5130.00,279.00,61.00,24907.00),(1275,'RM130',6567.00,470.00,96.00,5549.00),(1276,'RM202',6804.00,1002.00,92.00,23793.00),(1277,'RM291',18665.00,636.00,35.00,25594.00),(1278,'RM317',13964.00,1091.00,90.00,17810.00),(1279,'RM376',10965.00,1261.00,31.00,12066.00),(1280,'RM474',19502.00,1245.00,58.00,2125.00),(1281,'RM608',7654.00,1184.00,43.00,5860.00),(1282,'RM640',3580.00,1418.00,36.00,10554.00),(1283,'RM678',7403.00,527.00,51.00,22477.00),(1284,'RM822',13120.00,174.00,56.00,11879.00),(1285,'RM900',18711.00,1098.00,85.00,12124.00),(1286,'RM1007',4284.00,1475.00,97.00,22710.00),(1287,'RM1045',6651.00,1495.00,96.00,21534.00),(1288,'RM1055',10466.00,1490.00,35.00,20948.00),(1289,'RM1072',4789.00,271.00,43.00,23070.00),(1290,'RM1148',3211.00,722.00,84.00,22102.00),(1291,'RM1177',16413.00,301.00,72.00,3498.00),(1292,'RM1182',13966.00,465.00,41.00,11652.00),(1293,'RM1193',2587.00,464.00,74.00,24941.00),(1294,'RM1196',15379.00,809.00,36.00,22384.00),(1295,'RM1255',4507.00,1313.00,80.00,8191.00),(1296,'RM1378',19161.00,1064.00,42.00,13738.00),(1297,'RM1469',5390.00,1023.00,63.00,13243.00),(1298,'RM037',2683.00,869.00,86.00,3810.00),(1299,'RM063',18740.00,989.00,43.00,16701.00),(1300,'RM107',18172.00,1115.00,73.00,9755.00),(1301,'RM132',9208.00,809.00,77.00,6645.00),(1302,'RM166',19926.00,1452.00,53.00,17053.00),(1303,'RM184',3690.00,328.00,86.00,3425.00),(1304,'RM234',19517.00,854.00,68.00,24118.00),(1305,'RM280',19144.00,797.00,96.00,15815.00),(1306,'RM368',10496.00,1046.00,100.00,2755.00),(1307,'RM426',17046.00,1099.00,88.00,9314.00),(1308,'RM478',18200.00,1246.00,99.00,7999.00),(1309,'RM524',3221.00,1207.00,74.00,3297.00),(1310,'RM529',6796.00,562.00,50.00,23452.00),(1311,'RM540',3875.00,316.00,54.00,9983.00),(1312,'RM589',17639.00,691.00,64.00,6881.00),(1313,'RM654',17924.00,881.00,98.00,4544.00),(1314,'RM715',17399.00,1126.00,66.00,6615.00),(1315,'RM722',13973.00,939.00,95.00,4161.00),(1316,'RM743',2380.00,804.00,64.00,20165.00),(1317,'RM752',6347.00,145.00,95.00,24920.00),(1318,'RM767',19237.00,1464.00,62.00,12853.00),(1319,'RM802',4728.00,959.00,81.00,17251.00),(1320,'RM868',17856.00,1421.00,30.00,9490.00),(1321,'RM946',16880.00,1322.00,43.00,22422.00),(1322,'RM1087',14411.00,333.00,88.00,24450.00),(1323,'RM1127',19331.00,264.00,59.00,19519.00),(1324,'RM1139',11245.00,1234.00,41.00,20689.00),(1325,'RM1178',13269.00,813.00,50.00,21981.00),(1326,'RM1453',6728.00,878.00,94.00,14255.00),(1327,'RM1462',10854.00,410.00,39.00,16586.00),(1328,'RM088',2075.00,432.00,96.00,18725.00),(1329,'RM092',5441.00,632.00,71.00,8423.00),(1330,'RM111',7484.00,1456.00,30.00,25796.00),(1331,'RM124',19537.00,684.00,51.00,6462.00),(1332,'RM137',10650.00,1150.00,53.00,25150.00),(1333,'RM157',6132.00,1169.00,34.00,13983.00),(1334,'RM190',13734.00,313.00,98.00,7192.00),(1335,'RM214',12490.00,1469.00,81.00,15736.00),(1336,'RM259',2723.00,833.00,96.00,23231.00),(1337,'RM300',5482.00,1302.00,84.00,16321.00),(1338,'RM377',4936.00,1178.00,87.00,14862.00),(1339,'RM617',16307.00,1318.00,66.00,5594.00),(1340,'RM780',2461.00,1323.00,34.00,10332.00),(1341,'RM919',19847.00,237.00,83.00,19196.00),(1342,'RM931',2838.00,968.00,40.00,4257.00),(1343,'RM963',14026.00,770.00,84.00,17588.00),(1344,'RM972',13142.00,1405.00,82.00,24439.00),(1345,'RM988',10596.00,541.00,52.00,15395.00),(1346,'RM1276',13116.00,942.00,53.00,22984.00),(1347,'RM191',19999.00,699.00,65.00,5678.00),(1348,'RM231',3212.00,1323.00,89.00,3300.00),(1349,'RM238',19068.00,771.00,79.00,21030.00),(1350,'RM318',4941.00,723.00,85.00,17747.00),(1351,'RM407',7969.00,319.00,39.00,19609.00),(1352,'RM409',16555.00,1490.00,30.00,10310.00),(1353,'RM469',5577.00,956.00,78.00,22087.00),(1354,'RM562',16856.00,621.00,31.00,10084.00),(1355,'RM571',4258.00,715.00,41.00,26589.00),(1356,'RM588',3149.00,1325.00,82.00,21821.00),(1357,'RM628',13826.00,890.00,81.00,19028.00),(1358,'RM700',17099.00,1053.00,70.00,13829.00),(1359,'RM750',19845.00,266.00,57.00,25846.00),(1360,'RM807',10445.00,994.00,87.00,15322.00),(1361,'RM948',8446.00,1030.00,64.00,21534.00),(1362,'RM995',13247.00,322.00,59.00,9731.00),(1363,'RM1001',2950.00,258.00,54.00,17363.00),(1364,'RM1435',3482.00,585.00,40.00,19788.00),(1365,'RM019',15427.00,1219.00,78.00,22021.00),(1366,'RM026',19094.00,1282.00,58.00,10735.00),(1367,'RM153',2306.00,1436.00,34.00,16047.00),(1368,'RM185',4450.00,1084.00,57.00,26250.00),(1369,'RM281',17584.00,1070.00,45.00,21016.00),(1370,'RM503',8381.00,238.00,34.00,7507.00),(1371,'RM535',14814.00,970.00,59.00,13514.00),(1372,'RM557',2450.00,346.00,86.00,10919.00),(1373,'RM625',10934.00,661.00,78.00,20715.00),(1374,'RM647',11836.00,868.00,73.00,22789.00),(1375,'RM650',14275.00,102.00,72.00,20206.00),(1376,'RM702',14852.00,1376.00,45.00,13938.00),(1377,'RM761',7525.00,124.00,38.00,23537.00),(1378,'RM859',18606.00,1223.00,50.00,18640.00),(1379,'RM1044',16598.00,447.00,39.00,19764.00),(1380,'RM1112',10169.00,607.00,78.00,14618.00),(1381,'RM1204',7005.00,1395.00,48.00,3458.00),(1382,'RM1269',12965.00,661.00,60.00,22308.00),(1383,'RM1397',10448.00,1168.00,66.00,5843.00),(1384,'RM096',13549.00,1217.00,60.00,24001.00),(1385,'RM113',17328.00,142.00,30.00,13871.00),(1386,'RM220',5940.00,1147.00,52.00,17011.00),(1387,'RM333',4869.00,928.00,31.00,16885.00),(1388,'RM393',19406.00,821.00,86.00,8509.00),(1389,'RM432',3780.00,548.00,42.00,23428.00),(1390,'RM511',10725.00,397.00,88.00,6729.00),(1391,'RM576',5485.00,376.00,95.00,22670.00),(1392,'RM729',10739.00,1441.00,56.00,13943.00),(1393,'RM772',10686.00,1082.00,41.00,8392.00),(1394,'RM891',10502.00,966.00,53.00,9659.00),(1395,'RM895',17779.00,685.00,85.00,23474.00),(1396,'RM1009',17328.00,971.00,54.00,5652.00),(1397,'RM1077',16032.00,1050.00,87.00,24456.00),(1398,'RM1185',17426.00,584.00,91.00,18685.00),(1399,'RM1306',6854.00,431.00,68.00,15696.00),(1400,'RM1398',2897.00,155.00,67.00,22474.00),(1401,'RM1407',4440.00,157.00,77.00,25198.00),(1402,'RM066',14756.00,836.00,33.00,19730.00),(1403,'RM083',10239.00,111.00,70.00,18092.00),(1404,'RM188',18722.00,692.00,61.00,13339.00),(1405,'RM271',19045.00,452.00,81.00,18938.00),(1406,'RM284',5415.00,147.00,37.00,15972.00),(1407,'RM380',16659.00,1311.00,97.00,23258.00),(1408,'RM446',16835.00,1117.00,83.00,9873.00),(1409,'RM569',19859.00,725.00,78.00,21199.00),(1410,'RM609',5160.00,436.00,37.00,21519.00),(1411,'RM746',6385.00,135.00,62.00,12992.00),(1412,'RM775',16756.00,444.00,40.00,17323.00),(1413,'RM788',10976.00,1091.00,65.00,15813.00),(1414,'RM915',13577.00,177.00,37.00,25592.00),(1415,'RM956',19187.00,282.00,58.00,6992.00),(1416,'RM976',13695.00,267.00,85.00,9277.00),(1417,'RM1011',14732.00,1136.00,81.00,12414.00),(1418,'RM1066',4035.00,1229.00,30.00,16143.00),(1419,'RM1117',19586.00,685.00,60.00,23037.00),(1420,'RM1208',3537.00,1441.00,94.00,23737.00),(1421,'RM1265',19038.00,478.00,60.00,19805.00),(1422,'RM1337',2662.00,836.00,98.00,7975.00),(1423,'RM1402',19636.00,189.00,71.00,25811.00),(1424,'RM086',7260.00,1400.00,49.00,21698.00),(1425,'RM123',4963.00,441.00,72.00,4510.00),(1426,'RM176',4257.00,713.00,67.00,13939.00),(1427,'RM402',13212.00,906.00,86.00,18256.00),(1428,'RM553',11103.00,832.00,81.00,20420.00),(1429,'RM773',2942.00,1240.00,63.00,12154.00),(1430,'RM852',19943.00,718.00,92.00,18575.00),(1431,'RM957',19717.00,206.00,99.00,4022.00),(1432,'RM977',13402.00,1369.00,68.00,18235.00),(1433,'RM1024',2066.00,1255.00,90.00,10494.00),(1434,'RM1355',2587.00,1162.00,97.00,10261.00),(1435,'RM1372',5380.00,1443.00,89.00,20328.00),(1436,'RM1442',6306.00,667.00,57.00,26236.00),(1437,'RM1445',2339.00,310.00,72.00,3666.00),(1438,'RM164',9439.00,334.00,83.00,23402.00),(1439,'RM361',6755.00,593.00,88.00,2967.00),(1440,'RM425',14118.00,210.00,56.00,22102.00),(1441,'RM1054',4900.00,405.00,93.00,2721.00),(1442,'RM099',13872.00,682.00,37.00,24409.00),(1443,'RM127',10312.00,147.00,94.00,3465.00),(1444,'RM158',3346.00,1145.00,75.00,11873.00),(1445,'RM309',5660.00,390.00,32.00,17056.00),(1446,'RM596',19246.00,286.00,31.00,25761.00),(1447,'RM661',2380.00,781.00,57.00,13384.00),(1448,'RM675',10552.00,1272.00,37.00,9255.00),(1449,'RM701',2479.00,289.00,51.00,26227.00),(1450,'RM939',2372.00,848.00,88.00,26076.00),(1451,'RM967',10008.00,601.00,53.00,12023.00),(1452,'RM1010',19701.00,1055.00,76.00,22456.00),(1453,'RM1302',16291.00,350.00,52.00,22577.00),(1454,'RM1311',15787.00,1216.00,87.00,21624.00),(1455,'RM1375',17875.00,605.00,72.00,11761.00),(1456,'RM007',2670.00,1324.00,81.00,9964.00),(1457,'RM064',7637.00,1435.00,99.00,2354.00),(1458,'RM071',5473.00,1225.00,57.00,24668.00),(1459,'RM106',18844.00,1420.00,32.00,21922.00),(1460,'RM226',2177.00,142.00,70.00,8456.00),(1461,'RM233',2267.00,818.00,52.00,25657.00),(1462,'RM744',13726.00,715.00,69.00,21829.00),(1463,'RM759',11904.00,1089.00,66.00,11038.00),(1464,'RM898',5171.00,326.00,48.00,16490.00),(1465,'RM920',10512.00,1429.00,67.00,20002.00),(1466,'RM412',19566.00,422.00,41.00,3854.00),(1467,'RM428',10266.00,1499.00,80.00,2845.00),(1468,'RM537',5405.00,1179.00,84.00,11924.00),(1469,'RM880',5220.00,696.00,52.00,10893.00),(1470,'RM1210',10883.00,370.00,92.00,20467.00);
/*!40000 ALTER TABLE `employeesalary` ENABLE KEYS */;
UNLOCK TABLES;

--
-- Table structure for table `experience`
--

DROP TABLE IF EXISTS `experience`;
/*!40101 SET @saved_cs_client     = @@character_set_client */;
/*!50503 SET character_set_client = utf8mb4 */;
CREATE TABLE `experience` (
  `ExperienceID` int NOT NULL,
  `EmpID` varchar(255) DEFAULT NULL,
  `YearsAtCompany` int DEFAULT NULL,
  `YearsInCurrentRole` int DEFAULT NULL,
  `YearsSinceLastPromotion` int DEFAULT NULL,
  `YearsWithCurrManager` decimal(10,2) DEFAULT NULL,
  `TotalWorkingYears` int DEFAULT NULL,
  PRIMARY KEY (`ExperienceID`),
  KEY `EmpID` (`EmpID`),
  CONSTRAINT `experience_ibfk_1` FOREIGN KEY (`EmpID`) REFERENCES `employee` (`EmpID`)
) ENGINE=InnoDB DEFAULT CHARSET=utf8mb4 COLLATE=utf8mb4_0900_ai_ci;
/*!40101 SET character_set_client = @saved_cs_client */;

--
-- Dumping data for table `experience`
--

LOCK TABLES `experience` WRITE;
/*!40000 ALTER TABLE `experience` DISABLE KEYS */;
INSERT INTO `experience` VALUES (1,'RM297',0,0,0,0.00,0),(2,'RM302',0,0,0,0.00,0),(3,'RM458',0,0,0,0.00,0),(4,'RM728',0,0,0,0.00,0),(5,'RM829',0,0,0,0.00,0),(6,'RM973',0,0,0,0.00,0),(7,'RM1154',0,0,0,0.00,0),(8,'RM1312',0,0,0,0.00,0),(9,'RM128',0,0,0,0.00,0),(10,'RM150',1,0,0,0.00,1),(11,'RM172',0,0,0,0.00,1),(12,'RM178',1,0,1,0.00,1),(13,'RM423',1,0,0,0.00,1),(14,'RM689',1,0,0,0.00,1),(15,'RM854',1,1,0,0.00,1),(16,'RM893',1,1,0,0.00,1),(17,'RM910',1,0,0,1.00,1),(18,'RM103',1,0,1,0.00,1),(19,'RM488',1,0,0,0.00,1),(20,'RM514',1,0,1,1.00,1),(21,'RM663',2,2,0,2.00,2),(22,'RM690',1,0,0,0.00,1),(23,'RM732',1,0,0,0.00,1),(24,'RM777',2,2,0,2.00,2),(25,'RM857',2,2,1,2.00,2),(26,'RM877',2,1,2,2.00,2),(27,'RM1179',2,2,2,2.00,2),(28,'RM1198',2,2,0,2.00,2),(30,'RM275',3,2,1,0.00,3),(31,'RM358',3,2,1,2.00,3),(33,'RM371',1,0,0,0.00,1),(34,'RM497',3,2,1,2.00,3),(35,'RM664',1,0,0,0.00,1),(36,'RM778',1,0,1,0.00,1),(37,'RM816',2,2,2,2.00,2),(38,'RM916',2,2,2,2.00,2),(39,'RM1153',2,2,2,2.00,3),(40,'RM1272',1,0,1,0.00,1),(41,'RM1437',2,2,1,2.00,2),(42,'RM018',1,0,0,0.00,1),(43,'RM110',0,0,0,0.00,1),(44,'RM129',2,1,2,1.00,3),(45,'RM161',2,2,2,2.00,2),(47,'RM384',2,1,1,2.00,2),(48,'RM444',2,2,1,2.00,4),(49,'RM499',2,2,2,2.00,3),(50,'RM631',2,2,2,2.00,4),(51,'RM667',3,2,0,2.00,4),(52,'RM735',4,3,1,1.00,4),(53,'RM861',0,0,0,0.00,1),(54,'RM1138',4,2,1,3.00,4),(55,'RM1274',1,0,0,0.00,1),(56,'RM1340',1,0,0,0.00,1),(57,'RM1424',3,2,1,2.00,4),(58,'RM087',0,0,0,0.00,3),(59,'RM346',4,2,0,2.00,4),(60,'RM517',3,2,0,2.00,5),(61,'RM551',4,3,0,2.00,5),(62,'RM566',2,2,0,2.00,2),(63,'RM586',0,0,0,0.00,1),(64,'RM911',1,0,0,1.00,1),(65,'RM1083',4,3,1,2.00,5),(66,'RM1128',2,2,2,2.00,4),(67,'RM1202',5,4,1,2.00,5),(68,'RM1214',3,2,0,2.00,3),(69,'RM1239',3,2,1,2.00,3),(70,'RM1409',5,2,1,4.00,5),(71,'RM1439',1,0,1,0.00,1),(72,'RM021',4,2,1,3.00,5),(73,'RM035',2,0,2,0.00,6),(74,'RM097',3,2,0,2.00,4),(75,'RM114',5,3,1,2.00,6),(76,'RM381',5,2,0,3.00,5),(77,'RM415',5,3,1,4.00,6),(78,'RM471',2,2,2,1.00,3),(79,'RM475',6,5,1,4.00,6),(80,'RM477',1,0,0,0.00,1),(81,'RM480',6,3,1,2.00,6),(82,'RM526',2,2,2,0.00,4),(83,'RM587',1,0,0,0.00,1),(84,'RM641',5,2,3,4.00,6),(85,'RM725',4,2,3,2.00,5),(86,'RM842',4,3,1,2.00,6),(87,'RM872',1,0,0,0.00,1),(88,'RM1026',5,4,0,3.00,5),(89,'RM1061',0,0,0,0.00,4),(90,'RM1062',1,0,0,0.00,1),(91,'RM1098',1,1,0,0.00,2),(92,'RM1169',6,3,1,3.00,6),(93,'RM1218',5,3,0,4.00,5),(94,'RM1223',1,0,0,0.00,1),(95,'RM1231',6,2,1,2.00,6),(96,'RM1246',2,2,2,1.00,3),(97,'RM1408',4,3,1,2.00,4),(98,'RM108',6,4,0,3.00,6),(99,'RM109',2,2,2,1.00,2),(102,'RM268',6,3,1,5.00,6),(103,'RM398',5,4,1,3.00,5),(105,'RM479',7,4,0,6.00,7),(106,'RM518',3,2,1,2.00,4),(107,'RM564',6,5,1,4.00,6),(108,'RM619',4,3,0,1.00,6),(109,'RM635',5,3,0,3.00,5),(110,'RM639',5,2,0,3.00,5),(111,'RM684',1,0,0,0.00,1),(112,'RM797',7,7,5,6.00,7),(113,'RM886',4,3,1,1.00,5),(114,'RM912',1,0,1,0.00,1),(115,'RM935',2,2,2,1.00,2),(116,'RM966',3,2,1,2.00,7),(117,'RM994',3,2,1,2.00,6),(118,'RM1004',3,2,0,2.00,7),(119,'RM1022',3,2,2,2.00,6),(120,'RM1175',7,7,0,7.00,7),(121,'RM1412',2,0,1,2.00,6),(122,'RM1414',2,2,0,2.00,7),(123,'RM1434',5,3,0,4.00,6),(124,'RM043',1,0,0,1.00,1),(125,'RM055',2,2,0,0.00,5),(126,'RM126',5,4,4,3.00,5),(127,'RM135',8,7,5,7.00,8),(128,'RM279',6,5,1,4.00,6),(129,'RM285',5,3,3,3.00,5),(130,'RM289',3,2,0,2.00,5),(131,'RM294',8,7,7,4.00,8),(132,'RM356',8,7,7,7.00,8),(133,'RM383',6,4,0,4.00,7),(134,'RM419',3,2,0,2.00,3),(135,'RM454',7,7,1,0.00,8),(136,'RM461',0,0,0,0.00,8),(137,'RM464',1,0,0,0.00,1),(138,'RM476',5,3,1,4.00,6),(139,'RM506',3,2,0,2.00,3),(140,'RM572',2,2,2,0.00,5),(141,'RM574',4,3,1,2.00,6),(142,'RM615',8,7,1,7.00,8),(143,'RM686',7,7,0,7.00,7),(144,'RM734',8,7,1,3.00,8),(145,'RM749',2,2,2,2.00,7),(146,'RM763',3,2,1,2.00,6),(147,'RM770',5,3,1,3.00,5),(148,'RM782',5,3,1,3.00,6),(149,'RM798',1,1,0,0.00,1),(150,'RM844',8,7,0,7.00,8),(151,'RM913',8,5,2,2.00,8),(152,'RM999',4,3,1,1.00,5),(153,'RM1005',7,7,0,7.00,8),(154,'RM1119',1,0,0,0.00,1),(155,'RM1207',7,7,5,7.00,7),(156,'RM1225',3,2,0,2.00,3),(157,'RM1298',5,1,1,4.00,6),(158,'RM1310',5,3,1,2.00,5),(159,'RM1350',1,0,1,0.00,1),(160,'RM1362',7,7,7,7.00,8),(161,'RM1387',7,7,7,6.00,8),(162,'RM1465',4,2,0,0.00,5),(163,'RM1465',4,2,0,5.00,5),(164,'RM005',2,2,2,2.00,6),(165,'RM042',1,0,0,0.00,1),(166,'RM044',9,8,1,7.00,9),(167,'RM162',2,2,2,2.00,6),(168,'RM165',1,1,0,1.00,1),(169,'RM171',5,2,1,1.00,6),(170,'RM192',7,7,0,3.00,7),(171,'RM201',2,2,2,0.00,6),(172,'RM213',7,7,0,7.00,7),(173,'RM319',4,3,1,2.00,4),(174,'RM321',5,4,0,4.00,5),(175,'RM332',5,4,1,4.00,6),(176,'RM340',8,7,0,7.00,8),(177,'RM374',5,2,0,4.00,5),(178,'RM486',5,3,0,3.00,6),(179,'RM496',4,3,0,2.00,5),(180,'RM513',4,2,1,1.00,5),(181,'RM522',6,5,0,4.00,6),(182,'RM531',9,7,0,7.00,9),(183,'RM538',9,7,1,7.00,9),(184,'RM555',7,6,0,7.00,9),(185,'RM577',4,2,1,1.00,5),(186,'RM611',9,8,0,8.00,9),(187,'RM616',0,0,0,0.00,0),(188,'RM671',1,1,0,0.00,1),(189,'RM718',2,2,2,2.00,4),(190,'RM740',3,2,2,2.00,4),(191,'RM787',3,2,1,2.00,3),(192,'RM834',4,2,2,2.00,4),(193,'RM890',9,7,6,8.00,9),(194,'RM903',5,3,0,3.00,5),(195,'RM971',1,0,0,0.00,5),(196,'RM975',6,2,0,0.00,8),(197,'RM997',6,2,4,4.00,6),(198,'RM998',8,2,7,7.00,8),(199,'RM1018',5,0,1,4.00,6),(200,'RM1150',7,7,0,7.00,7),(201,'RM1170',3,2,0,2.00,5),(202,'RM1171',4,2,1,2.00,6),(203,'RM1249',6,2,1,4.00,6),(204,'RM1318',5,4,0,2.00,6),(205,'RM1329',9,8,5,8.00,9),(206,'RM1335',7,6,7,3.00,8),(207,'RM1351',8,7,0,7.00,9),(208,'RM1368',5,3,1,2.00,6),(209,'RM1380',1,0,0,0.00,1),(210,'RM1394',7,7,0,7.00,7),(211,'RM1468',6,2,0,3.00,6),(212,'RM015',4,2,0,3.00,6),(213,'RM052',2,2,2,2.00,2),(214,'RM098',5,4,0,4.00,5),(215,'RM163',5,2,0,2.00,5),(216,'RM265',0,0,0,0.00,5),(217,'RM273',5,2,0,4.00,5),(218,'RM290',5,3,0,2.00,5),(219,'RM303',8,3,0,7.00,9),(220,'RM324',3,2,2,2.00,5),(221,'RM375',7,5,0,7.00,7),(223,'RM541',7,7,3,7.00,10),(224,'RM599',2,2,2,1.00,5),(225,'RM613',8,7,7,5.00,8),(226,'RM630',5,1,0,4.00,6),(227,'RM660',4,2,0,2.00,4),(228,'RM669',2,2,2,2.00,6),(229,'RM765',1,0,0,0.00,1),(230,'RM781',10,7,1,9.00,10),(231,'RM789',8,7,1,7.00,10),(232,'RM794',4,2,2,2.00,4),(233,'RM801',1,0,0,0.00,1),(234,'RM810',9,7,1,7.00,10),(235,'RM820',5,3,0,4.00,6),(236,'RM828',3,1,0,2.00,3),(237,'RM843',1,1,0,0.00,1),(238,'RM869',6,5,3,3.00,6),(239,'RM922',4,2,0,2.00,5),(240,'RM930',2,2,2,2.00,2),(241,'RM934',3,2,1,2.00,5),(242,'RM945',9,8,7,5.00,10),(243,'RM985',5,3,0,4.00,5),(244,'RM1042',5,4,1,3.00,6),(245,'RM1057',3,2,1,2.00,5),(246,'RM1069',0,0,0,0.00,8),(247,'RM1070',1,0,0,0.00,1),(248,'RM1071',4,2,1,3.00,5),(249,'RM1074',8,6,1,7.00,8),(250,'RM1137',1,1,0,0.00,1),(251,'RM1152',5,3,0,0.00,6),(252,'RM1284',5,3,0,3.00,5),(253,'RM1308',3,2,1,2.00,3),(254,'RM1324',3,2,2,2.00,3),(255,'RM1338',1,0,0,0.00,1),(256,'RM1365',7,7,0,7.00,7),(257,'RM1370',2,0,2,2.00,6),(258,'RM1382',5,3,1,4.00,5),(259,'RM1391',4,1,0,3.00,6),(260,'RM012',9,5,0,8.00,10),(261,'RM016',10,9,8,8.00,10),(263,'RM156',10,7,0,9.00,10),(265,'RM218',6,2,1,5.00,7),(266,'RM228',11,10,4,1.00,11),(267,'RM230',4,3,0,1.00,4),(270,'RM266',0,0,0,0.00,10),(271,'RM283',10,7,0,9.00,10),(272,'RM337',7,7,0,7.00,7),(273,'RM338',3,2,2,2.00,4),(274,'RM344',7,7,1,7.00,7),(275,'RM350',4,3,0,2.00,4),(276,'RM372',3,2,1,2.00,6),(277,'RM421',10,2,0,7.00,10),(278,'RM422',2,2,1,1.00,6),(279,'RM455',3,2,1,2.00,8),(280,'RM508',6,0,1,2.00,6),(281,'RM520',10,7,2,8.00,10),(282,'RM547',1,0,0,0.00,1),(283,'RM556',2,2,2,2.00,2),(284,'RM573',8,7,1,1.00,11),(285,'RM590',1,0,0,0.00,1),(286,'RM595',10,7,0,7.00,10),(287,'RM646',3,2,0,2.00,5),(288,'RM658',4,3,0,3.00,8),(289,'RM698',3,1,0,2.00,3),(290,'RM712',0,0,0,0.00,3),(291,'RM809',7,5,1,7.00,11),(292,'RM824',7,5,1,1.00,8),(293,'RM826',10,7,1,2.00,10),(294,'RM837',11,8,3,10.00,11),(295,'RM853',10,8,0,8.00,10),(296,'RM860',5,4,1,3.00,6),(297,'RM894',3,2,1,2.00,3),(298,'RM904',6,0,1,0.00,6),(299,'RM906',7,7,1,7.00,9),(300,'RM933',7,7,7,7.00,10),(301,'RM1006',10,9,0,9.00,10),(302,'RM1008',8,7,7,7.00,9),(303,'RM1058',5,3,0,0.00,7),(304,'RM1064',10,7,0,4.00,10),(305,'RM1073',3,2,0,2.00,4),(306,'RM1078',9,7,0,7.00,11),(307,'RM1091',7,7,0,7.00,9),(308,'RM1105',1,0,0,0.00,5),(309,'RM1123',10,9,1,5.00,10),(310,'RM1126',6,4,1,3.00,6),(311,'RM1173',5,2,1,4.00,8),(312,'RM1189',10,0,0,9.00,10),(313,'RM1220',5,3,1,2.00,9),(314,'RM1250',2,2,2,2.00,2),(315,'RM1251',3,2,0,2.00,10),(316,'RM1259',1,0,0,0.00,1),(317,'RM1314',2,2,2,0.00,4),(318,'RM1319',11,8,3,10.00,11),(319,'RM1325',7,0,1,6.00,11),(320,'RM1330',1,0,0,0.00,1),(321,'RM1333',1,0,1,0.00,1),(322,'RM1344',3,2,1,2.00,11),(323,'RM1366',1,0,0,0.00,1),(324,'RM1388',5,3,0,2.00,6),(325,'RM1443',2,2,2,2.00,4),(326,'RM1460',4,3,0,3.00,10),(327,'RM1461',5,4,0,4.00,5),(329,'RM033',10,0,1,8.00,10),(330,'RM045',12,8,3,7.00,12),(331,'RM081',10,8,3,0.00,10),(332,'RM089',11,10,10,8.00,11),(333,'RM093',11,8,2,7.00,11),(334,'RM121',10,7,0,9.00,10),(339,'RM168',10,9,7,4.00,12),(340,'RM174',12,9,6,10.00,12),(341,'RM212',11,8,5,8.00,12),(342,'RM215',5,2,0,4.00,8),(343,'RM217',6,3,0,1.00,9),(344,'RM325',10,8,1,9.00,11),(345,'RM339',10,9,1,2.00,10),(346,'RM355',2,2,2,2.00,4),(347,'RM382',1,0,0,0.00,1),(348,'RM386',1,0,0,0.00,3),(349,'RM403',5,4,4,4.00,6),(350,'RM411',5,4,0,2.00,11),(351,'RM420',5,3,1,4.00,9),(352,'RM424',9,8,7,8.00,10),(353,'RM427',11,7,6,7.00,12),(354,'RM438',3,2,1,2.00,4),(355,'RM481',1,0,0,0.00,1),(356,'RM502',1,0,0,0.00,1),(357,'RM546',8,7,7,7.00,10),(358,'RM582',2,2,0,2.00,7),(359,'RM603',0,0,0,0.00,12),(360,'RM624',5,4,0,3.00,10),(361,'RM703',8,4,7,7.00,10),(362,'RM721',5,2,0,1.00,7),(363,'RM731',8,7,1,7.00,9),(364,'RM733',3,2,1,2.00,4),(365,'RM783',6,2,0,2.00,7),(366,'RM845',10,3,1,4.00,10),(367,'RM866',4,3,0,3.00,8),(368,'RM875',10,7,8,9.00,10),(369,'RM887',11,9,5,7.00,12),(370,'RM932',8,4,1,7.00,10),(371,'RM942',9,2,6,7.00,10),(372,'RM949',9,1,0,8.00,9),(373,'RM1014',3,2,0,2.00,8),(374,'RM1050',2,1,2,2.00,4),(375,'RM1053',1,0,0,0.00,1),(376,'RM1065',5,3,1,3.00,6),(377,'RM1107',10,8,6,7.00,10),(378,'RM1110',4,2,1,3.00,9),(379,'RM1142',6,4,1,1.00,6),(380,'RM1234',10,0,0,8.00,10),(381,'RM1245',9,7,0,7.00,10),(382,'RM1247',4,2,1,2.00,6),(383,'RM1252',7,7,1,7.00,12),(384,'RM1260',7,0,1,7.00,10),(385,'RM1297',7,7,0,2.00,9),(386,'RM1339',1,0,0,0.00,1),(387,'RM1413',12,8,1,7.00,12),(388,'RM013',5,2,4,3.00,5),(389,'RM059',7,7,1,7.00,10),(392,'RM125',7,7,7,7.00,12),(393,'RM133',2,2,2,2.00,4),(394,'RM181',4,2,0,2.00,7),(395,'RM225',5,4,1,4.00,6),(396,'RM246',2,2,2,2.00,9),(397,'RM260',5,4,1,4.00,6),(398,'RM267',9,0,7,8.00,10),(399,'RM293',2,2,2,2.00,2),(400,'RM304',8,7,7,7.00,10),(401,'RM310',5,2,0,3.00,6),(402,'RM311',2,2,1,0.00,9),(403,'RM313',2,2,2,2.00,3),(404,'RM322',7,7,1,7.00,13),(405,'RM326',10,9,8,9.00,10),(406,'RM343',11,9,4,10.00,11),(407,'RM370',2,2,2,2.00,3),(408,'RM395',13,10,3,12.00,13),(409,'RM400',4,2,3,2.00,4),(410,'RM435',13,8,0,8.00,13),(411,'RM440',1,0,0,0.00,12),(412,'RM451',6,5,0,5.00,10),(413,'RM457',5,4,0,1.00,10),(414,'RM483',3,1,1,2.00,9),(415,'RM485',7,7,5,7.00,13),(416,'RM645',6,4,0,2.00,8),(417,'RM676',7,7,5,2.00,13),(418,'RM680',9,8,0,0.00,9),(419,'RM691',9,7,8,5.00,10),(420,'RM710',3,2,1,2.00,4),(421,'RM727',4,3,0,3.00,4),(422,'RM819',2,2,2,2.00,3),(423,'RM832',2,2,2,2.00,2),(424,'RM896',6,5,0,1.00,6),(425,'RM897',10,9,1,8.00,10),(426,'RM951',10,8,9,6.00,10),(427,'RM953',3,2,2,2.00,3),(428,'RM981',1,0,0,0.00,3),(429,'RM986',10,2,6,7.00,10),(430,'RM1013',1,0,0,0.00,1),(431,'RM1015',3,2,1,0.00,9),(432,'RM1017',1,0,0,0.00,1),(433,'RM1031',13,7,9,9.00,13),(434,'RM1034',10,8,4,7.00,10),(435,'RM1036',3,2,0,2.00,8),(436,'RM1037',2,2,2,2.00,7),(437,'RM1086',7,2,7,7.00,7),(438,'RM1145',5,2,0,3.00,10),(439,'RM1192',10,0,0,2.00,10),(440,'RM1228',5,2,0,3.00,6),(441,'RM1240',5,4,1,4.00,9),(442,'RM1248',5,2,0,2.00,6),(443,'RM1258',1,0,0,0.00,10),(444,'RM1275',12,7,5,7.00,13),(445,'RM1307',3,2,2,2.00,9),(446,'RM1313',1,0,0,0.00,2),(447,'RM1342',10,8,0,2.00,10),(448,'RM1359',5,2,1,4.00,8),(449,'RM1361',2,2,2,2.00,4),(450,'RM1383',4,2,2,3.00,4),(451,'RM1390',10,8,8,7.00,10),(452,'RM1396',10,7,0,8.00,10),(453,'RM1403',1,0,0,0.00,1),(454,'RM1406',11,7,4,8.00,13),(455,'RM1418',2,2,1,2.00,3),(456,'RM1464',9,4,1,7.00,10),(457,'RM006',7,7,3,6.00,8),(458,'RM017',6,2,0,5.00,7),(460,'RM061',9,8,7,8.00,9),(462,'RM095',11,8,5,7.00,12),(463,'RM102',1,0,0,0.00,1),(466,'RM155',9,8,3,7.00,9),(467,'RM170',5,4,1,4.00,8),(469,'RM239',4,3,1,2.00,6),(470,'RM240',3,2,1,2.00,4),(471,'RM242',3,2,2,2.00,4),(472,'RM261',5,1,0,3.00,5),(473,'RM263',6,2,0,4.00,9),(474,'RM307',13,8,4,8.00,13),(475,'RM320',13,12,11,9.00,13),(476,'RM323',7,7,0,7.00,10),(477,'RM352',8,0,0,7.00,8),(478,'RM470',4,2,1,2.00,6),(479,'RM501',6,4,0,5.00,6),(480,'RM528',10,7,0,8.00,10),(481,'RM532',7,7,7,7.00,10),(482,'RM559',10,8,4,7.00,10),(483,'RM601',14,13,6,8.00,14),(484,'RM623',5,2,0,3.00,8),(485,'RM627',5,3,1,3.00,9),(486,'RM638',3,0,0,2.00,4),(487,'RM642',10,8,5,3.00,10),(488,'RM657',1,0,0,1.00,1),(489,'RM683',3,0,0,2.00,5),(490,'RM693',8,7,6,3.00,8),(491,'RM757',8,7,7,7.00,10),(492,'RM851',1,0,0,0.00,1),(493,'RM881',2,2,2,2.00,2),(494,'RM882',8,7,0,7.00,10),(495,'RM936',10,7,0,8.00,10),(496,'RM940',10,4,1,1.00,10),(497,'RM992',3,2,1,2.00,4),(498,'RM1027',4,3,0,3.00,7),(499,'RM1076',5,2,0,0.00,10),(500,'RM1102',7,1,2,5.00,12),(501,'RM1114',6,5,1,2.00,9),(502,'RM1140',3,2,0,2.00,6),(503,'RM1191',9,5,1,6.00,10),(504,'RM1206',1,0,0,0.00,1),(505,'RM1227',5,2,1,3.00,10),(506,'RM1238',0,0,0,0.00,10),(507,'RM1242',4,3,0,2.00,10),(508,'RM1261',7,7,0,7.00,12),(509,'RM1320',0,0,0,0.00,4),(510,'RM1327',2,2,2,2.00,7),(511,'RM1376',4,1,0,3.00,8),(512,'RM1389',5,1,1,2.00,9),(513,'RM1395',1,0,0,0.00,8),(514,'RM1427',6,2,4,1.00,6),(515,'RM1429',2,2,2,2.00,3),(516,'RM1432',14,10,5,7.00,14),(517,'RM1450',4,2,1,2.00,4),(518,'RM004',8,7,3,0.00,8),(520,'RM040',5,3,1,3.00,10),(521,'RM056',15,14,8,12.00,15),(522,'RM122',7,7,0,7.00,8),(523,'RM177',3,1,0,2.00,4),(524,'RM186',8,7,1,6.00,8),(525,'RM222',3,2,1,1.00,7),(526,'RM235',5,4,0,4.00,8),(527,'RM237',9,7,1,7.00,13),(528,'RM247',2,2,0,2.00,2),(529,'RM314',10,6,8,8.00,12),(530,'RM329',7,7,0,1.00,9),(531,'RM364',1,0,0,0.00,1),(532,'RM436',7,6,7,7.00,15),(533,'RM437',4,3,1,3.00,8),(534,'RM456',6,1,0,5.00,10),(535,'RM500',5,0,1,2.00,6),(536,'RM510',13,11,4,7.00,15),(537,'RM515',10,8,9,7.00,10),(538,'RM563',10,9,7,8.00,10),(539,'RM591',13,9,3,7.00,14),(540,'RM592',3,2,0,2.00,6),(541,'RM620',9,8,0,8.00,9),(542,'RM656',4,3,0,3.00,7),(543,'RM674',3,2,0,2.00,6),(544,'RM695',5,0,1,4.00,6),(545,'RM711',10,8,6,0.00,10),(546,'RM713',3,2,0,2.00,5),(547,'RM716',6,5,1,2.00,6),(548,'RM755',2,2,2,2.00,3),(549,'RM791',3,2,1,2.00,9),(550,'RM793',13,7,3,8.00,14),(551,'RM799',2,2,2,2.00,5),(552,'RM803',3,2,0,2.00,4),(553,'RM830',5,2,0,3.00,6),(554,'RM864',5,4,1,4.00,5),(555,'RM873',10,7,0,1.00,10),(556,'RM884',14,10,4,10.00,15),(557,'RM909',9,8,0,8.00,10),(558,'RM991',5,4,1,2.00,8),(559,'RM1048',4,3,0,3.00,5),(560,'RM1067',5,4,0,2.00,8),(561,'RM1075',0,0,0,0.00,14),(562,'RM1092',5,3,0,2.00,5),(563,'RM1096',15,14,5,7.00,15),(564,'RM1106',2,2,2,2.00,8),(565,'RM1190',6,2,0,4.00,6),(566,'RM1199',6,5,1,2.00,7),(567,'RM1211',14,11,2,13.00,14),(568,'RM1254',11,7,1,7.00,13),(569,'RM1256',0,0,0,0.00,11),(570,'RM1266',9,8,1,7.00,11),(571,'RM1283',10,8,7,6.00,14),(572,'RM1364',10,4,0,9.00,10),(573,'RM1399',9,7,2,8.00,9),(574,'RM1416',1,1,0,0.00,1),(575,'RM1426',9,7,8,1.00,10),(576,'RM014',2,2,1,2.00,3),(579,'RM047',9,5,8,7.00,10),(580,'RM085',5,2,1,3.00,5),(581,'RM104',16,13,2,10.00,16),(582,'RM112',9,7,0,6.00,9),(583,'RM115',1,0,0,0.00,12),(584,'RM117',11,10,5,8.00,14),(585,'RM160',4,3,1,2.00,6),(586,'RM182',3,2,1,2.00,9),(587,'RM189',10,9,1,9.00,10),(588,'RM203',5,3,2,0.00,5),(589,'RM248',11,9,5,9.00,13),(590,'RM379',5,2,0,4.00,9),(591,'RM394',3,2,1,2.00,6),(592,'RM416',2,2,1,0.00,3),(593,'RM433',7,3,5,7.00,14),(594,'RM441',3,2,0,2.00,11),(595,'RM463',10,7,5,7.00,10),(596,'RM482',6,5,1,3.00,6),(597,'RM495',8,2,0,6.00,8),(598,'RM504',10,9,8,8.00,10),(599,'RM525',8,7,7,7.00,9),(600,'RM550',5,1,4,3.00,10),(601,'RM561',0,0,0,0.00,7),(602,'RM568',6,5,1,4.00,6),(603,'RM575',4,2,1,3.00,10),(604,'RM580',6,5,1,3.00,6),(605,'RM584',3,2,1,2.00,6),(606,'RM607',5,2,1,3.00,6),(607,'RM614',3,2,0,2.00,4),(608,'RM672',1,0,1,0.00,1),(609,'RM758',15,1,0,9.00,16),(610,'RM764',1,1,0,0.00,1),(611,'RM795',6,2,0,4.00,7),(612,'RM804',0,0,0,0.00,6),(613,'RM823',3,2,0,2.00,5),(614,'RM835',6,5,1,3.00,6),(615,'RM848',13,9,4,9.00,14),(616,'RM907',1,0,0,0.00,2),(617,'RM918',3,2,0,2.00,4),(618,'RM921',11,8,5,10.00,15),(619,'RM924',10,9,1,8.00,14),(620,'RM959',9,7,1,6.00,10),(621,'RM965',10,8,9,6.00,10),(622,'RM978',5,4,0,0.00,5),(623,'RM980',8,7,7,7.00,10),(624,'RM984',14,11,4,11.00,14),(625,'RM1016',4,3,1,3.00,10),(626,'RM1028',5,4,0,2.00,7),(627,'RM1040',2,2,2,2.00,2),(628,'RM1049',13,9,3,12.00,15),(629,'RM1056',14,8,6,9.00,16),(630,'RM1059',15,9,10,10.00,16),(631,'RM1085',10,9,8,6.00,10),(632,'RM1088',11,10,5,7.00,12),(633,'RM1116',1,0,0,0.00,1),(634,'RM1118',2,2,2,1.00,9),(635,'RM1132',8,2,7,7.00,8),(636,'RM1147',9,7,7,2.00,9),(637,'RM1180',11,8,7,9.00,11),(638,'RM1209',15,10,4,13.00,15),(639,'RM1213',10,9,8,7.00,10),(640,'RM1253',5,0,1,2.00,6),(641,'RM1268',15,14,0,7.00,15),(642,'RM1271',2,2,2,2.00,6),(643,'RM1291',7,1,0,7.00,11),(644,'RM1301',10,8,4,8.00,10),(645,'RM1343',5,3,1,0.00,9),(646,'RM1354',5,2,3,0.00,5),(647,'RM1360',4,2,0,1.00,9),(648,'RM1369',15,10,6,11.00,16),(649,'RM1385',14,8,2,1.00,14),(650,'RM1386',8,7,1,1.00,9),(651,'RM1447',8,7,1,7.00,8),(652,'RM1470',4,3,1,2.00,6),(653,'RM011',5,4,0,3.00,6),(654,'RM038',2,2,2,2.00,2),(655,'RM041',1,0,0,0.00,1),(656,'RM050',1,0,0,1.00,1),(657,'RM054',4,0,2,3.00,10),(658,'RM057',9,8,1,8.00,9),(659,'RM058',2,2,2,2.00,4),(660,'RM069',3,2,1,2.00,5),(662,'RM082',6,4,0,4.00,6),(663,'RM152',10,8,0,6.00,10),(664,'RM193',1,0,0,1.00,8),(665,'RM197',6,2,1,2.00,10),(666,'RM229',10,7,0,8.00,10),(667,'RM277',7,7,6,2.00,10),(668,'RM298',11,9,6,9.00,12),(669,'RM345',16,6,0,13.00,17),(670,'RM373',1,1,0,0.00,10),(671,'RM431',5,4,4,3.00,6),(672,'RM439',8,7,0,0.00,10),(673,'RM448',11,9,6,9.00,15),(674,'RM462',5,4,0,3.00,5),(675,'RM484',3,2,0,2.00,9),(676,'RM509',17,11,11,8.00,17),(677,'RM516',1,0,0,0.00,1),(678,'RM558',1,0,0,0.00,16),(679,'RM581',3,2,0,2.00,3),(680,'RM597',2,2,2,2.00,7),(681,'RM612',8,5,1,6.00,17),(682,'RM621',6,5,1,1.00,6),(683,'RM636',17,14,5,15.00,17),(684,'RM637',10,2,7,8.00,10),(685,'RM648',13,10,4,8.00,16),(686,'RM677',10,6,0,7.00,10),(687,'RM699',5,2,1,0.00,5),(688,'RM705',10,9,0,8.00,12),(689,'RM726',4,2,0,2.00,5),(690,'RM730',16,10,10,1.00,16),(691,'RM741',3,2,1,2.00,3),(692,'RM792',8,7,4,7.00,9),(693,'RM821',5,2,0,2.00,5),(694,'RM836',5,4,1,4.00,6),(695,'RM841',8,0,1,7.00,10),(696,'RM847',7,7,6,4.00,15),(697,'RM849',2,2,2,2.00,2),(698,'RM871',7,7,1,7.00,15),(699,'RM889',13,2,4,12.00,16),(700,'RM925',3,2,2,2.00,4),(701,'RM962',9,6,1,1.00,9),(702,'RM974',9,7,0,0.00,10),(703,'RM982',4,2,3,2.00,5),(704,'RM1003',2,2,2,2.00,10),(705,'RM1060',1,0,0,0.00,1),(706,'RM1082',11,8,3,3.00,11),(707,'RM1101',5,3,4,2.00,6),(708,'RM1109',3,0,1,2.00,3),(709,'RM1111',1,0,0,0.00,1),(710,'RM1124',5,2,0,4.00,10),(711,'RM1131',10,9,6,8.00,10),(712,'RM1135',1,0,0,1.00,1),(713,'RM1151',16,15,1,10.00,16),(714,'RM1158',14,11,2,9.00,15),(715,'RM1163',13,12,6,0.00,15),(716,'RM1168',2,2,2,2.00,7),(717,'RM1187',11,9,6,7.00,13),(718,'RM1216',5,4,1,4.00,6),(719,'RM1233',7,7,0,7.00,17),(720,'RM1282',10,7,7,7.00,10),(721,'RM1289',7,7,1,7.00,15),(722,'RM1303',5,4,0,3.00,6),(723,'RM1346',3,2,0,2.00,4),(724,'RM1381',5,3,0,4.00,6),(725,'RM1393',10,8,0,9.00,10),(726,'RM1423',2,2,2,2.00,5),(727,'RM1425',10,7,0,8.00,10),(728,'RM1451',9,0,1,7.00,9),(729,'RM1457',10,2,0,2.00,10),(730,'RM1459',4,3,1,1.00,4),(731,'RM010',7,7,7,7.00,17),(732,'RM022',5,3,0,3.00,10),(733,'RM039',1,1,0,0.00,6),(734,'RM065',17,14,12,8.00,17),(735,'RM067',6,5,0,3.00,6),(738,'RM118',9,7,2,8.00,10),(739,'RM119',1,0,0,0.00,7),(740,'RM136',3,2,0,1.00,7),(741,'RM173',8,7,7,2.00,13),(743,'RM221',13,11,3,7.00,16),(744,'RM270',15,13,10,11.00,16),(745,'RM292',8,0,7,7.00,10),(746,'RM299',1,0,0,0.00,4),(747,'RM306',9,8,0,8.00,11),(750,'RM378',2,2,2,2.00,6),(751,'RM385',10,9,9,0.00,10),(752,'RM443',10,3,9,7.00,10),(753,'RM512',3,2,0,2.00,13),(754,'RM542',8,7,0,5.00,10),(755,'RM570',10,7,0,9.00,10),(756,'RM594',9,7,0,5.00,10),(757,'RM600',5,2,0,4.00,8),(758,'RM622',18,14,4,11.00,18),(759,'RM634',5,4,0,3.00,6),(760,'RM665',16,8,4,11.00,17),(761,'RM681',6,2,0,1.00,8),(762,'RM688',11,8,3,9.00,16),(763,'RM694',16,7,3,7.00,16),(764,'RM709',7,7,0,7.00,12),(765,'RM753',17,13,15,14.00,18),(766,'RM762',1,0,0,0.00,9),(767,'RM774',14,8,7,8.00,15),(768,'RM818',11,9,0,9.00,18),(769,'RM874',7,7,1,7.00,7),(770,'RM883',7,7,7,7.00,17),(771,'RM901',11,10,0,7.00,12),(772,'RM928',16,14,5,12.00,18),(773,'RM943',7,7,1,7.00,10),(774,'RM969',15,7,6,13.00,17),(775,'RM1012',5,4,0,1.00,15),(776,'RM1019',10,4,1,8.00,10),(777,'RM1020',3,2,0,2.00,11),(778,'RM1103',3,2,1,2.00,7),(779,'RM1122',1,0,0,0.00,15),(780,'RM1129',3,2,0,2.00,9),(781,'RM1146',3,2,1,1.00,7),(782,'RM1174',3,2,0,2.00,9),(783,'RM1181',4,3,1,3.00,15),(784,'RM1183',3,2,1,2.00,4),(785,'RM1184',5,4,0,4.00,13),(786,'RM1200',3,2,0,2.00,10),(787,'RM1221',13,7,6,7.00,17),(788,'RM1237',2,2,2,2.00,16),(789,'RM1279',12,8,5,7.00,15),(790,'RM1316',1,0,0,0.00,15),(791,'RM1341',10,9,1,7.00,10),(792,'RM1348',10,1,0,8.00,10),(793,'RM1356',4,2,1,3.00,12),(794,'RM1384',5,4,0,2.00,5),(795,'RM1440',9,7,3,4.00,10),(796,'RM1441',4,2,0,2.00,18),(797,'RM1448',15,12,11,11.00,15),(798,'RM1454',6,3,0,0.00,8),(799,'RM1466',5,2,0,3.00,17),(800,'RM1466',5,2,0,2.00,17),(801,'RM003',0,0,0,0.00,7),(802,'RM048',1,0,0,0.00,8),(803,'RM060',7,5,0,7.00,7),(804,'RM079',5,2,0,2.00,16),(805,'RM101',3,2,0,2.00,7),(806,'RM105',1,0,0,0.00,17),(807,'RM116',5,3,1,3.00,12),(808,'RM196',8,7,1,7.00,8),(809,'RM223',10,8,0,7.00,10),(810,'RM227',9,8,5,8.00,13),(813,'RM274',5,4,0,1.00,7),(814,'RM276',5,2,0,2.00,15),(815,'RM286',17,12,5,7.00,17),(816,'RM295',4,2,1,2.00,4),(817,'RM341',6,2,0,4.00,8),(818,'RM354',7,7,6,7.00,13),(819,'RM365',5,4,0,3.00,17),(820,'RM387',18,7,12,17.00,18),(821,'RM390',1,0,0,1.00,18),(822,'RM399',13,11,10,7.00,15),(823,'RM465',6,5,1,2.00,12),(824,'RM468',9,5,7,7.00,9),(825,'RM473',6,5,4,3.00,8),(826,'RM487',3,0,1,0.00,17),(827,'RM507',10,7,7,8.00,10),(828,'RM523',1,0,0,0.00,4),(829,'RM578',5,3,4,3.00,6),(830,'RM629',1,0,0,0.00,9),(831,'RM649',5,4,0,0.00,10),(832,'RM653',10,0,0,9.00,10),(833,'RM696',14,1,11,7.00,17),(834,'RM745',1,0,0,0.00,15),(835,'RM768',4,3,0,1.00,8),(836,'RM796',1,0,0,0.00,8),(837,'RM833',6,2,1,3.00,9),(838,'RM856',14,8,3,11.00,14),(839,'RM990',6,4,1,3.00,8),(840,'RM1002',3,2,0,2.00,8),(841,'RM1023',6,5,1,3.00,7),(842,'RM1090',10,8,3,7.00,10),(843,'RM1159',4,3,0,2.00,9),(844,'RM1164',8,4,7,7.00,8),(845,'RM1212',6,3,1,3.00,6),(846,'RM1277',5,2,0,3.00,5),(847,'RM1281',10,0,4,7.00,19),(848,'RM1292',10,3,0,8.00,10),(849,'RM1345',5,3,0,4.00,16),(850,'RM1433',16,11,6,8.00,16),(852,'RM020',3,2,1,2.00,6),(853,'RM062',10,3,9,9.00,10),(854,'RM084',13,11,1,9.00,17),(856,'RM169',8,3,0,7.00,12),(857,'RM180',2,2,2,1.00,2),(858,'RM199',1,0,0,0.00,14),(859,'RM200',7,7,1,7.00,9),(860,'RM205',1,0,0,0.00,17),(861,'RM224',16,10,5,13.00,17),(862,'RM262',8,7,7,5.00,13),(863,'RM278',8,0,7,7.00,8),(864,'RM288',2,2,1,2.00,10),(865,'RM308',10,8,0,1.00,19),(866,'RM342',11,10,2,9.00,12),(867,'RM417',1,0,0,0.00,1),(868,'RM472',1,0,0,0.00,18),(869,'RM491',0,0,0,0.00,8),(870,'RM519',7,7,0,5.00,8),(871,'RM530',9,7,1,8.00,10),(872,'RM543',1,0,0,0.00,10),(873,'RM560',1,0,0,1.00,6),(874,'RM579',15,7,4,12.00,17),(875,'RM606',4,3,1,2.00,13),(876,'RM643',2,2,1,2.00,3),(877,'RM682',15,12,5,11.00,15),(878,'RM704',5,3,1,3.00,6),(879,'RM723',2,1,0,2.00,3),(880,'RM748',1,0,0,0.00,19),(881,'RM766',2,2,2,2.00,8),(882,'RM785',19,9,1,9.00,20),(883,'RM808',8,7,2,7.00,9),(884,'RM812',1,0,0,0.00,10),(885,'RM827',7,6,5,0.00,7),(886,'RM964',7,7,1,7.00,11),(887,'RM983',4,2,0,3.00,4),(888,'RM1108',6,3,1,2.00,10),(889,'RM1113',5,2,1,4.00,7),(890,'RM1120',9,8,7,7.00,10),(891,'RM1121',3,2,1,2.00,8),(892,'RM1162',5,4,0,2.00,10),(893,'RM1188',13,11,2,9.00,19),(894,'RM1194',4,3,3,3.00,4),(895,'RM1203',0,0,0,0.00,7),(896,'RM1257',6,1,0,5.00,9),(897,'RM1262',1,0,1,0.00,15),(898,'RM1273',5,4,0,4.00,5),(899,'RM1290',11,10,3,8.00,13),(900,'RM1309',4,2,0,3.00,20),(901,'RM1374',20,11,0,7.00,20),(902,'RM1377',5,2,0,3.00,10),(903,'RM1392',1,0,0,0.00,20),(904,'RM1401',6,2,1,2.00,7),(905,'RM1417',15,13,5,8.00,16),(906,'RM1419',8,3,7,7.00,10),(907,'RM1431',18,16,1,11.00,20),(908,'RM1452',10,7,1,9.00,10),(909,'RM034',1,0,0,0.00,19),(910,'RM138',15,11,5,9.00,17),(911,'RM241',3,2,1,2.00,7),(913,'RM305',18,10,3,7.00,19),(914,'RM315',21,9,11,10.00,21),(915,'RM327',21,9,13,3.00,21),(916,'RM328',1,0,0,0.00,12),(917,'RM401',21,8,1,6.00,21),(918,'RM450',8,3,0,7.00,8),(919,'RM527',20,7,11,10.00,20),(920,'RM552',8,3,3,6.00,12),(921,'RM655',5,4,0,4.00,13),(922,'RM670',2,2,2,2.00,8),(923,'RM706',8,7,0,7.00,9),(924,'RM739',21,6,11,8.00,21),(925,'RM754',21,6,2,8.00,21),(926,'RM814',18,7,11,5.00,21),(927,'RM817',5,4,0,3.00,9),(928,'RM938',19,9,15,2.00,21),(929,'RM941',5,2,0,3.00,6),(930,'RM950',8,7,1,7.00,9),(931,'RM987',5,4,1,4.00,8),(932,'RM993',6,4,0,5.00,13),(933,'RM1033',1,0,0,0.00,11),(934,'RM1080',2,0,2,2.00,9),(935,'RM1125',7,6,7,6.00,11),(936,'RM1149',7,7,7,7.00,10),(937,'RM1156',10,8,0,7.00,11),(938,'RM1160',9,2,3,8.00,10),(939,'RM1176',5,4,1,0.00,7),(940,'RM1241',9,8,5,8.00,9),(941,'RM1285',4,3,2,2.00,9),(942,'RM1293',2,1,2,2.00,7),(943,'RM1336',2,2,2,2.00,7),(944,'RM1367',3,2,1,2.00,10),(945,'RM1373',10,0,7,9.00,10),(946,'RM1404',20,8,11,10.00,21),(947,'RM1430',7,7,1,7.00,18),(948,'RM1438',6,0,1,3.00,21),(949,'RM1463',20,9,9,6.00,21),(950,'RM1467',7,7,1,7.00,9),(951,'RM1467',7,7,1,1.00,9),(952,'RM091',22,3,11,11.00,22),(953,'RM151',20,7,2,13.00,20),(954,'RM159',12,11,2,11.00,15),(955,'RM187',20,8,9,9.00,21),(956,'RM204',7,2,3,7.00,15),(958,'RM244',9,8,4,7.00,9),(960,'RM336',4,3,0,2.00,6),(962,'RM369',6,4,1,0.00,8),(963,'RM388',5,4,1,3.00,8),(964,'RM392',1,0,0,0.00,20),(965,'RM418',20,15,1,12.00,21),(966,'RM449',20,6,5,13.00,22),(967,'RM459',1,0,0,1.00,20),(968,'RM534',18,13,1,12.00,20),(969,'RM554',4,2,2,3.00,5),(970,'RM583',8,7,3,7.00,8),(971,'RM602',1,0,0,0.00,10),(972,'RM685',1,0,0,0.00,11),(973,'RM692',1,1,0,0.00,3),(974,'RM707',1,0,0,0.00,22),(975,'RM769',7,7,7,5.00,8),(976,'RM786',11,10,11,1.00,14),(977,'RM815',20,7,4,9.00,21),(978,'RM838',18,7,2,13.00,20),(979,'RM846',1,1,0,0.00,16),(980,'RM867',0,0,0,0.00,5),(981,'RM885',5,1,1,3.00,7),(982,'RM947',5,4,1,0.00,9),(983,'RM958',4,2,0,0.00,6),(984,'RM960',9,8,8,8.00,9),(985,'RM968',4,2,0,3.00,7),(986,'RM979',12,11,11,8.00,15),(987,'RM1030',8,7,0,7.00,11),(988,'RM1041',9,8,4,8.00,16),(989,'RM1046',3,1,1,2.00,8),(990,'RM1084',5,4,1,0.00,15),(991,'RM1095',8,4,7,1.00,9),(992,'RM1097',21,7,7,7.00,21),(993,'RM1099',2,2,2,2.00,8),(994,'RM1133',5,4,1,2.00,5),(995,'RM1157',18,15,14,12.00,18),(996,'RM1165',4,2,3,3.00,18),(997,'RM1172',4,2,0,3.00,10),(998,'RM1230',1,0,0,0.00,18),(999,'RM1243',21,8,12,8.00,21),(1000,'RM1287',4,3,0,2.00,7),(1001,'RM1300',5,3,0,3.00,12),(1002,'RM1305',7,4,7,7.00,15),(1003,'RM1349',19,7,11,16.00,22),(1004,'RM1410',10,9,9,4.00,10),(1005,'RM1411',11,8,5,10.00,15),(1006,'RM1428',1,0,0,0.00,8),(1007,'RM1456',2,2,2,2.00,8),(1008,'RM1458',5,3,0,2.00,20),(1009,'RM001',6,4,0,5.00,8),(1010,'RM046',22,15,15,8.00,23),(1011,'RM134',9,7,0,7.00,12),(1012,'RM148',7,6,7,7.00,21),(1013,'RM149',5,0,1,4.00,7),(1014,'RM167',9,8,1,8.00,13),(1015,'RM183',4,3,0,2.00,4),(1016,'RM216',1,0,0,0.00,16),(1017,'RM243',1,0,0,0.00,17),(1018,'RM301',22,10,0,4.00,22),(1019,'RM347',5,4,1,2.00,8),(1020,'RM367',8,7,7,7.00,8),(1022,'RM447',14,3,1,10.00,16),(1023,'RM460',8,7,0,7.00,10),(1024,'RM467',18,16,11,8.00,22),(1025,'RM536',21,6,12,6.00,23),(1026,'RM539',22,7,2,10.00,22),(1027,'RM668',7,7,1,0.00,10),(1028,'RM687',18,13,2,17.00,20),(1029,'RM717',18,16,0,11.00,21),(1030,'RM738',2,2,2,1.00,8),(1031,'RM747',21,16,5,10.00,21),(1032,'RM784',10,6,0,8.00,10),(1033,'RM831',1,0,0,0.00,6),(1034,'RM865',1,0,0,0.00,5),(1035,'RM952',19,2,11,9.00,19),(1036,'RM961',9,3,1,7.00,10),(1037,'RM989',6,2,3,3.00,12),(1038,'RM1029',4,2,0,3.00,7),(1039,'RM1197',2,0,0,2.00,21),(1040,'RM1219',10,8,8,7.00,10),(1041,'RM1229',3,2,1,2.00,10),(1042,'RM1267',5,3,0,4.00,5),(1043,'RM1295',3,2,1,2.00,11),(1044,'RM1296',22,14,13,5.00,23),(1045,'RM1357',5,4,1,4.00,14),(1046,'RM1421',5,3,1,0.00,12),(1047,'RM1446',20,7,0,10.00,21),(1048,'RM1449',5,4,0,4.00,14),(1050,'RM198',5,3,0,2.00,11),(1051,'RM232',22,17,11,15.00,22),(1054,'RM282',20,16,11,6.00,20),(1055,'RM296',20,4,4,8.00,23),(1056,'RM349',1,0,0,0.00,16),(1057,'RM351',3,2,1,0.00,4),(1058,'RM357',1,0,0,0.00,14),(1059,'RM389',5,2,1,2.00,8),(1060,'RM410',5,4,0,2.00,19),(1061,'RM414',6,5,0,4.00,7),(1062,'RM442',2,2,2,0.00,8),(1063,'RM452',10,9,5,8.00,10),(1064,'RM489',10,2,2,2.00,10),(1065,'RM548',2,2,2,2.00,7),(1066,'RM585',24,7,14,9.00,24),(1067,'RM598',4,3,0,2.00,8),(1068,'RM605',9,8,7,8.00,10),(1069,'RM633',2,1,2,2.00,8),(1070,'RM644',5,3,1,3.00,17),(1071,'RM673',5,4,0,3.00,10),(1072,'RM742',1,0,0,0.00,21),(1073,'RM800',22,6,13,7.00,23),(1074,'RM825',1,0,0,0.00,16),(1075,'RM839',21,9,13,14.00,22),(1076,'RM840',6,4,1,5.00,9),(1077,'RM879',4,3,0,3.00,10),(1078,'RM888',1,0,0,0.00,20),(1079,'RM926',1,0,0,0.00,18),(1080,'RM955',20,8,2,10.00,21),(1081,'RM1000',20,7,0,9.00,21),(1082,'RM1051',12,9,5,8.00,12),(1083,'RM1089',1,0,0,0.00,4),(1084,'RM1094',20,8,13,9.00,24),(1085,'RM1130',1,0,0,1.00,24),(1086,'RM1264',5,3,0,4.00,7),(1087,'RM1288',0,0,0,0.00,10),(1088,'RM1321',6,3,3,3.00,10),(1089,'RM1326',0,0,0,0.00,8),(1090,'RM1358',13,7,5,7.00,18),(1091,'RM1379',0,0,0,0.00,14),(1092,'RM1405',20,9,3,7.00,20),(1093,'RM1420',4,3,1,2.00,9),(1094,'RM1444',22,6,4,14.00,24),(1095,'RM036',5,3,1,4.00,6),(1096,'RM120',25,12,4,12.00,25),(1097,'RM131',3,2,1,2.00,18),(1098,'RM194',5,4,2,2.00,7),(1099,'RM236',17,13,1,9.00,22),(1100,'RM316',8,7,1,7.00,9),(1101,'RM331',9,7,0,0.00,9),(1102,'RM334',1,0,0,0.00,10),(1103,'RM391',25,10,3,9.00,25),(1104,'RM396',3,2,1,2.00,8),(1105,'RM397',5,2,0,2.00,8),(1106,'RM490',1,0,0,0.00,21),(1107,'RM492',8,7,4,7.00,10),(1108,'RM549',2,2,2,2.00,7),(1109,'RM610',4,1,1,0.00,22),(1110,'RM651',5,2,2,2.00,12),(1111,'RM662',1,0,0,0.00,4),(1112,'RM776',1,0,0,0.00,18),(1113,'RM813',8,7,0,1.00,18),(1114,'RM850',4,3,1,3.00,7),(1115,'RM899',8,7,0,7.00,25),(1116,'RM927',21,7,15,17.00,23),(1117,'RM996',20,7,1,8.00,20),(1118,'RM1134',6,4,0,2.00,8),(1119,'RM1186',14,10,6,11.00,14),(1120,'RM1217',10,9,8,8.00,10),(1121,'RM1263',1,0,0,0.00,6),(1122,'RM1270',9,7,1,8.00,10),(1123,'RM1294',3,2,1,2.00,7),(1124,'RM1317',7,7,7,7.00,7),(1125,'RM1331',16,12,6,14.00,21),(1126,'RM1400',10,9,0,9.00,10),(1128,'RM032',4,2,1,3.00,9),(1129,'RM053',4,3,1,3.00,9),(1130,'RM100',3,2,1,2.00,17),(1131,'RM287',1,0,0,0.00,19),(1132,'RM494',2,2,0,2.00,10),(1133,'RM498',2,2,0,1.00,26),(1134,'RM544',5,2,1,4.00,9),(1135,'RM618',5,2,2,3.00,10),(1136,'RM632',3,2,0,2.00,10),(1137,'RM659',8,7,7,1.00,8),(1138,'RM751',12,11,11,11.00,23),(1139,'RM790',20,6,3,6.00,24),(1140,'RM858',6,4,0,2.00,6),(1141,'RM863',0,0,0,0.00,6),(1142,'RM876',20,11,13,17.00,20),(1143,'RM892',10,5,7,7.00,10),(1144,'RM908',22,9,3,10.00,26),(1145,'RM923',25,9,14,13.00,26),(1146,'RM929',10,7,0,5.00,10),(1147,'RM954',3,2,1,2.00,10),(1148,'RM1043',5,2,0,3.00,7),(1149,'RM1047',5,2,1,3.00,6),(1150,'RM1052',1,0,0,0.00,11),(1151,'RM1063',2,2,2,2.00,16),(1152,'RM1079',20,6,14,17.00,24),(1153,'RM1141',22,7,1,10.00,23),(1154,'RM1166',10,7,0,2.00,14),(1155,'RM1201',2,2,2,2.00,8),(1156,'RM1215',8,7,6,7.00,9),(1157,'RM1280',5,3,2,3.00,6),(1158,'RM1353',2,0,2,2.00,10),(1159,'RM1436',4,3,1,2.00,6),(1160,'RM068',1,0,0,0.00,25),(1163,'RM154',17,9,0,15.00,20),(1164,'RM175',5,4,0,3.00,9),(1165,'RM195',20,8,11,8.00,22),(1166,'RM219',19,7,12,8.00,23),(1167,'RM245',24,0,1,7.00,25),(1169,'RM269',20,7,4,10.00,21),(1170,'RM312',24,9,9,11.00,24),(1171,'RM335',10,9,9,8.00,12),(1173,'RM453',8,7,3,7.00,9),(1174,'RM505',1,1,0,0.00,5),(1175,'RM565',8,7,3,1.00,9),(1176,'RM604',1,0,0,0.00,1),(1177,'RM626',5,4,0,2.00,18),(1178,'RM697',9,7,0,8.00,9),(1179,'RM714',5,3,0,2.00,8),(1180,'RM719',9,8,0,8.00,9),(1181,'RM756',9,3,1,1.00,26),(1182,'RM760',6,3,0,4.00,6),(1183,'RM806',15,10,4,12.00,15),(1184,'RM855',3,2,0,2.00,7),(1185,'RM914',24,10,1,11.00,26),(1186,'RM937',0,0,0,0.00,22),(1187,'RM1035',7,7,0,7.00,24),(1188,'RM1038',3,1,1,2.00,10),(1189,'RM1093',5,4,0,3.00,8),(1190,'RM1100',10,8,7,7.00,10),(1191,'RM1143',10,7,1,4.00,10),(1192,'RM1144',10,7,4,5.00,10),(1193,'RM1161',10,7,3,9.00,10),(1194,'RM1222',23,15,14,4.00,25),(1195,'RM1226',21,6,8,6.00,21),(1196,'RM1244',5,0,0,3.00,9),(1197,'RM1315',8,7,5,7.00,10),(1198,'RM1347',9,8,3,8.00,10),(1199,'RM1363',4,2,0,3.00,12),(1200,'RM1455',5,3,0,1.00,8),(1202,'RM049',9,6,0,8.00,14),(1203,'RM080',4,2,0,2.00,16),(1204,'RM090',9,8,4,7.00,9),(1205,'RM094',10,9,9,5.00,21),(1206,'RM179',24,13,15,7.00,24),(1208,'RM264',7,7,7,7.00,28),(1209,'RM366',1,0,0,0.00,7),(1210,'RM413',10,7,0,8.00,19),(1211,'RM430',3,2,0,1.00,26),(1212,'RM434',3,2,1,2.00,15),(1213,'RM466',2,2,1,2.00,28),(1214,'RM724',8,7,0,7.00,13),(1215,'RM771',2,2,2,2.00,23),(1216,'RM779',16,13,1,7.00,19),(1217,'RM811',12,9,4,9.00,23),(1218,'RM862',26,15,15,9.00,28),(1219,'RM870',4,2,0,3.00,25),(1220,'RM878',6,3,1,4.00,12),(1221,'RM917',11,4,0,8.00,26),(1222,'RM944',7,6,5,7.00,10),(1223,'RM1032',7,7,4,3.00,28),(1224,'RM1081',13,12,5,1.00,23),(1225,'RM1136',26,0,0,12.00,27),(1226,'RM1232',10,7,0,9.00,19),(1227,'RM1236',10,6,0,3.00,13),(1228,'RM1278',2,1,2,2.00,24),(1229,'RM1286',2,2,2,2.00,6),(1230,'RM1299',9,7,3,7.00,13),(1231,'RM1323',9,8,4,7.00,12),(1232,'RM1328',19,17,2,8.00,25),(1233,'RM1334',8,7,0,7.00,14),(1234,'RM272',10,7,9,9.00,10),(1235,'RM330',3,2,1,1.00,21),(1236,'RM348',0,0,0,0.00,5),(1237,'RM429',5,0,0,4.00,20),(1238,'RM533',7,7,1,7.00,20),(1239,'RM545',22,2,11,13.00,28),(1240,'RM567',5,4,1,3.00,8),(1241,'RM593',26,14,3,0.00,26),(1242,'RM652',7,6,7,7.00,8),(1243,'RM666',3,2,1,2.00,3),(1244,'RM708',19,10,2,7.00,20),(1245,'RM720',9,0,0,7.00,9),(1246,'RM1021',6,5,1,2.00,17),(1247,'RM1025',20,17,5,6.00,26),(1248,'RM1068',5,4,1,2.00,11),(1249,'RM1155',5,2,1,0.00,27),(1250,'RM1195',3,2,1,2.00,29),(1251,'RM1224',23,5,14,10.00,25),(1252,'RM1235',1,0,0,0.00,4),(1253,'RM1304',22,11,14,10.00,28),(1254,'RM1322',2,2,2,0.00,7),(1255,'RM1371',8,7,1,7.00,16),(1256,'RM1415',17,14,12,11.00,25),(1257,'RM1422',13,8,5,12.00,14),(1258,'RM051',1,0,0,0.00,23),(1259,'RM353',0,0,0,0.00,15),(1260,'RM445',9,7,6,7.00,14),(1261,'RM493',3,2,0,2.00,21),(1262,'RM521',2,2,2,2.00,12),(1263,'RM679',0,0,0,0.00,13),(1264,'RM736',2,2,2,2.00,19),(1265,'RM737',15,11,4,8.00,27),(1266,'RM805',5,4,2,1.00,27),(1267,'RM902',1,0,0,0.00,7),(1268,'RM905',1,0,0,0.00,25),(1269,'RM970',10,9,0,8.00,11),(1270,'RM1039',2,2,2,2.00,15),(1271,'RM1104',8,7,7,7.00,18),(1272,'RM1115',8,2,7,6.00,10),(1273,'RM1167',2,2,2,2.00,23),(1274,'RM1205',9,7,7,7.00,19),(1275,'RM1332',22,10,12,9.00,29),(1276,'RM1352',22,17,4,7.00,24),(1277,'RM002',10,7,1,7.00,10),(1278,'RM130',15,11,5,11.00,16),(1279,'RM202',7,7,1,7.00,7),(1280,'RM291',3,2,1,2.00,22),(1281,'RM317',7,1,0,7.00,25),(1282,'RM376',5,2,0,0.00,26),(1283,'RM474',31,9,0,9.00,31),(1284,'RM608',9,8,7,7.00,9),(1285,'RM640',4,2,0,2.00,7),(1286,'RM678',26,9,1,7.00,29),(1287,'RM822',9,8,2,3.00,22),(1288,'RM900',1,0,0,0.00,23),(1289,'RM1007',4,3,1,3.00,20),(1290,'RM1045',3,2,1,2.00,20),(1291,'RM1055',8,7,0,7.00,29),(1292,'RM1072',3,2,1,2.00,10),(1293,'RM1148',9,6,1,4.00,10),(1294,'RM1177',4,2,1,2.00,27),(1295,'RM1182',15,11,2,12.00,30),(1296,'RM1193',2,2,2,2.00,17),(1297,'RM1196',8,7,0,0.00,23),(1298,'RM1255',5,1,0,4.00,8),(1299,'RM1378',5,4,4,3.00,28),(1300,'RM1469',9,6,0,8.00,17),(1301,'RM037',3,2,0,2.00,3),(1302,'RM063',27,3,13,8.00,29),(1303,'RM107',8,3,0,7.00,28),(1304,'RM132',2,2,2,1.00,16),(1305,'RM166',5,4,4,4.00,21),(1306,'RM184',3,2,0,2.00,5),(1307,'RM234',7,0,0,6.00,32),(1308,'RM280',10,4,1,6.00,28),(1309,'RM368',4,3,1,3.00,20),(1310,'RM426',27,10,15,7.00,28),(1311,'RM478',32,5,10,7.00,32),(1312,'RM524',20,8,3,8.00,20),(1313,'RM529',4,3,1,3.00,18),(1314,'RM540',2,2,2,2.00,4),(1315,'RM589',4,3,0,3.00,30),(1316,'RM654',31,6,14,7.00,31),(1317,'RM715',5,4,1,3.00,32),(1318,'RM722',12,11,1,5.00,22),(1319,'RM743',1,0,0,0.00,8),(1320,'RM752',18,7,0,13.00,19),(1321,'RM767',8,1,7,7.00,29),(1322,'RM802',0,0,0,0.00,5),(1323,'RM868',2,2,2,2.00,32),(1324,'RM946',3,2,1,2.00,25),(1325,'RM1087',32,6,13,9.00,32),(1326,'RM1127',1,0,0,0.00,27),(1327,'RM1139',30,8,12,13.00,32),(1328,'RM1178',14,11,1,11.00,19),(1329,'RM1453',6,3,0,1.00,12),(1330,'RM1462',3,2,2,0.00,20),(1331,'RM088',4,2,0,3.00,10),(1332,'RM092',10,7,1,0.00,11),(1333,'RM111',13,12,12,8.00,23),(1334,'RM124',20,18,15,15.00,23),(1335,'RM137',4,2,0,3.00,18),(1336,'RM157',1,0,0,0.00,10),(1337,'RM190',7,7,1,0.00,21),(1338,'RM214',10,9,4,7.00,16),(1340,'RM300',4,1,1,2.00,13),(1341,'RM377',7,7,0,7.00,18),(1342,'RM617',20,6,4,17.00,29),(1343,'RM780',10,0,2,7.00,18),(1344,'RM919',29,10,11,10.00,31),(1345,'RM931',7,0,7,7.00,8),(1346,'RM963',33,9,0,10.00,33),(1347,'RM972',5,2,0,3.00,29),(1348,'RM988',4,2,3,2.00,14),(1349,'RM1276',2,2,2,2.00,15),(1350,'RM191',33,18,11,9.00,34),(1351,'RM231',2,2,2,2.00,6),(1352,'RM238',33,7,15,12.00,33),(1353,'RM318',8,2,7,7.00,11),(1355,'RM409',5,2,1,4.00,31),(1356,'RM469',10,9,6,9.00,18),(1357,'RM562',34,6,1,16.00,34),(1358,'RM571',4,3,1,2.00,5),(1359,'RM588',5,2,1,4.00,9),(1360,'RM628',9,8,0,0.00,31),(1361,'RM700',9,8,7,8.00,26),(1362,'RM750',32,14,6,9.00,33),(1363,'RM807',8,6,4,0.00,18),(1364,'RM948',8,7,7,7.00,10),(1365,'RM995',5,3,0,2.00,24),(1366,'RM1001',5,4,0,4.00,12),(1367,'RM1435',9,8,0,0.00,16),(1368,'RM019',25,8,3,7.00,31),(1370,'RM153',7,7,4,5.00,13),(1371,'RM185',4,2,1,3.00,5),(1372,'RM281',5,3,1,3.00,21),(1373,'RM503',14,7,8,10.00,18),(1374,'RM535',5,1,1,3.00,32),(1375,'RM557',2,2,2,2.00,19),(1376,'RM625',5,2,0,4.00,35),(1377,'RM647',2,0,2,2.00,28),(1378,'RM650',12,9,3,8.00,33),(1379,'RM702',17,13,15,2.00,22),(1380,'RM761',15,7,6,12.00,30),(1381,'RM859',7,7,4,7.00,26),(1382,'RM1044',9,8,8,8.00,35),(1383,'RM1112',33,7,1,9.00,34),(1384,'RM1204',4,3,1,2.00,11),(1385,'RM1269',3,2,0,2.00,27),(1386,'RM1397',2,2,2,2.00,15),(1387,'RM096',4,3,0,3.00,16),(1388,'RM113',5,3,4,4.00,23),(1389,'RM220',6,2,0,5.00,16),(1390,'RM333',4,3,0,3.00,20),(1391,'RM393',4,2,1,2.00,24),(1392,'RM432',1,0,0,0.00,19),(1393,'RM511',9,7,7,1.00,16),(1394,'RM576',5,3,1,4.00,9),(1395,'RM729',10,7,0,8.00,22),(1396,'RM772',9,4,7,0.00,13),(1397,'RM891',5,4,1,4.00,33),(1398,'RM895',10,9,0,9.00,36),(1399,'RM1009',20,7,12,7.00,29),(1400,'RM1077',14,9,1,12.00,26),(1401,'RM1185',10,8,4,7.00,36),(1402,'RM1306',7,1,1,7.00,14),(1403,'RM1398',4,3,2,3.00,9),(1404,'RM1407',5,2,1,4.00,9),(1405,'RM066',5,0,0,2.00,21),(1406,'RM083',1,0,1,0.00,24),(1407,'RM188',24,15,2,15.00,36),(1408,'RM271',36,10,4,13.00,37),(1409,'RM284',10,7,0,8.00,12),(1410,'RM380',5,4,1,2.00,30),(1411,'RM446',10,9,7,7.00,37),(1412,'RM569',5,2,1,4.00,24),(1413,'RM609',9,7,7,3.00,12),(1414,'RM746',8,7,6,7.00,17),(1415,'RM775',9,7,6,2.00,31),(1416,'RM788',3,2,1,2.00,23),(1417,'RM915',33,9,15,0.00,34),(1418,'RM956',19,9,9,11.00,23),(1419,'RM976',19,7,3,8.00,24),(1420,'RM1011',7,7,0,0.00,31),(1421,'RM1066',3,2,1,2.00,4),(1422,'RM1117',36,6,2,13.00,36),(1423,'RM1208',4,2,1,2.00,8),(1424,'RM1265',1,0,0,0.00,34),(1425,'RM1337',5,2,0,4.00,19),(1426,'RM1402',10,9,1,4.00,35),(1427,'RM086',6,4,0,2.00,37),(1428,'RM123',5,4,4,3.00,7),(1429,'RM176',2,2,2,2.00,19),(1430,'RM402',7,7,7,7.00,36),(1431,'RM553',10,7,1,1.00,30),(1432,'RM773',5,4,0,3.00,18),(1433,'RM852',5,2,4,2.00,28),(1434,'RM957',7,3,7,7.00,36),(1435,'RM977',19,16,15,9.00,33),(1436,'RM1024',3,2,1,0.00,5),(1437,'RM1355',4,2,1,0.00,5),(1438,'RM1372',0,0,0,0.00,6),(1439,'RM1442',13,12,1,9.00,13),(1440,'RM1445',10,9,9,8.00,14),(1441,'RM164',5,3,1,4.00,12),(1443,'RM425',1,0,0,0.00,32),(1444,'RM1054',12,9,2,8.00,13),(1445,'RM099',37,10,1,8.00,38),(1446,'RM127',40,10,15,6.00,40),(1447,'RM158',1,0,0,0.00,9),(1448,'RM309',5,3,1,2.00,12),(1449,'RM596',31,15,13,8.00,40),(1450,'RM661',1,0,0,0.00,3),(1451,'RM675',6,0,0,4.00,24),(1452,'RM701',1,0,0,0.00,7),(1453,'RM939',2,2,2,2.00,2),(1454,'RM967',10,9,5,9.00,31),(1455,'RM1010',9,8,1,5.00,32),(1456,'RM1302',16,9,14,14.00,37),(1457,'RM1311',2,2,2,2.00,23),(1458,'RM1375',1,0,0,0.00,29),(1460,'RM064',21,16,7,9.00,28),(1462,'RM106',3,2,2,2.00,30),(1463,'RM226',1,0,0,0.00,7),(1464,'RM233',2,2,2,2.00,7),(1465,'RM744',5,3,4,3.00,30),(1466,'RM759',6,4,0,4.00,14),(1467,'RM898',6,1,0,5.00,13),(1468,'RM920',9,7,5,4.00,25),(1469,'RM412',29,8,11,10.00,33),(1470,'RM428',18,13,13,11.00,22),(1471,'RM537',2,2,2,2.00,10),(1472,'RM880',11,7,1,9.00,12),(1473,'RM1210',1,0,0,0.00,19);
/*!40000 ALTER TABLE `experience` ENABLE KEYS */;
UNLOCK TABLES;

--
-- Table structure for table `jobrole`
--

DROP TABLE IF EXISTS `jobrole`;
/*!40101 SET @saved_cs_client     = @@character_set_client */;
/*!50503 SET character_set_client = utf8mb4 */;
CREATE TABLE `jobrole` (
  `JobRoleID` int NOT NULL,
  `JobRole` varchar(255) DEFAULT NULL,
  PRIMARY KEY (`JobRoleID`)
) ENGINE=InnoDB DEFAULT CHARSET=utf8mb4 COLLATE=utf8mb4_0900_ai_ci;
/*!40101 SET character_set_client = @saved_cs_client */;

--
-- Dumping data for table `jobrole`
--

LOCK TABLES `jobrole` WRITE;
/*!40000 ALTER TABLE `jobrole` DISABLE KEYS */;
INSERT INTO `jobrole` VALUES (1,'Laboratory Technician'),(2,'Sales Representative'),(3,'Research Scientist'),(4,'Human Resources'),(5,'Manufacturing Director'),(6,'Sales Executive'),(7,'Healthcare Representative'),(8,'Research Director'),(9,'Manager');
/*!40000 ALTER TABLE `jobrole` ENABLE KEYS */;
UNLOCK TABLES;
/*!40103 SET TIME_ZONE=@OLD_TIME_ZONE */;

/*!40101 SET SQL_MODE=@OLD_SQL_MODE */;
/*!40014 SET FOREIGN_KEY_CHECKS=@OLD_FOREIGN_KEY_CHECKS */;
/*!40014 SET UNIQUE_CHECKS=@OLD_UNIQUE_CHECKS */;
/*!40101 SET CHARACTER_SET_CLIENT=@OLD_CHARACTER_SET_CLIENT */;
/*!40101 SET CHARACTER_SET_RESULTS=@OLD_CHARACTER_SET_RESULTS */;
/*!40101 SET COLLATION_CONNECTION=@OLD_COLLATION_CONNECTION */;
/*!40111 SET SQL_NOTES=@OLD_SQL_NOTES */;

-- Dump completed on 2025-02-01 21:14:50
